station_id,station_name,date,avg_wind_speed,peak_gust_time,precipitation,avg_temp,max_temp,min_temp,direction_fastest_2min_wind,direction_fastest_5sec_wind,fastest_2min_wind_speed,fastest_5sec_wind_speed,fog,heavy_fog,thunder,hail,smoke_or_haze
USW00023234,"SAN FRANCISCO INTERNATIONAL AIRPORT, CA US",2018-01-01,1.79,,0.0,52,58.0,45.0,350,40,6.9,10.1,1,0,0,0,1
USW00023234,"SAN FRANCISCO INTERNATIONAL AIRPORT, CA US",2018-01-02,2.46,,0.0,54,59.0,50.0,150,150,8.1,11.0,1,0,0,0,1
USW00023234,"SAN FRANCISCO INTERNATIONAL AIRPORT, CA US",2018-01-03,2.91,,0.3,55,58.0,51.0,150,140,12.1,14.1,1,0,0,0,1
USW00023234,"SAN FRANCISCO INTERNATIONAL AIRPORT, CA US",2018-01-04,6.04,,0.03,54,63.0,52.0,180,180,19.9,21.9,1,0,0,0,1
USW00023234,"SAN FRANCISCO INTERNATIONAL AIRPORT, CA US",2018-01-05,5.59,,0.19,59,64.0,53.0,280,270,19.9,21.9,1,0,0,0,1
USW00023234,"SAN FRANCISCO INTERNATIONAL AIRPORT, CA US",2018-01-06,7.16,,0.0,54,58.0,48.0,280,290,15.0,18.1,0,0,0,0,0
USW00023234,"SAN FRANCISCO INTERNATIONAL AIRPORT, CA US",2018-01-07,2.46,,0.0,51,53.0,47.0,140,150,8.1,8.9,1,0,0,0,0
USW00023234,"SAN FRANCISCO INTERNATIONAL AIRPORT, CA US",2018-01-08,3.58,,3.12,53,58.0,51.0,350,350,10.1,11.0,1,0,0,0,0
USW00023234,"SAN FRANCISCO INTERNATIONAL AIRPORT, CA US",2018-01-09,17.9,,0.42,56,58.0,52.0,290,280,36.9,46.1,1,0,0,0,0
USW00023234,"SAN FRANCISCO INTERNATIONAL AIRPORT, CA US",2018-01-10,9.17,,0.0,54,58.0,51.0,280,280,29.1,34.0,0,0,0,0,0
USW00023234,"SAN FRANCISCO INTERNATIONAL AIRPORT, CA US",2018-01-11,5.37,,0.0,55,58.0,52.0,280,280,13.0,16.1,1,0,0,0,0
USW00023234,"SAN FRANCISCO INTERNATIONAL AIRPORT, CA US",2018-01-12,2.68,,0.0,53,55.0,50.0,20,20,10.1,11.0,1,0,0,0,0
USW00023234,"SAN FRANCISCO INTERNATIONAL AIRPORT, CA US",2018-01-13,6.71,,0.0,53,60.0,46.0,70,70,15.0,16.1,1,1,0,0,0
USW00023234,"SAN FRANCISCO INTERNATIONAL AIRPORT, CA US",2018-01-14,6.04,,0.0,53,56.0,48.0,80,80,17.0,19.0,1,0,0,0,1
USW00023234,"SAN FRANCISCO INTERNATIONAL AIRPORT, CA US",2018-01-15,4.7,,0.0,53,58.0,48.0,20,30,14.1,14.1,1,0,0,0,1
USW00023234,"SAN FRANCISCO INTERNATIONAL AIRPORT, CA US",2018-01-16,4.7,,0.0,56,59.0,55.0,360,360,12.1,13.0,1,0,0,0,1
USW00023234,"SAN FRANCISCO INTERNATIONAL AIRPORT, CA US",2018-01-17,3.8,,0.0,56,58.0,52.0,350,340,13.0,17.0,1,0,0,0,1
USW00023234,"SAN FRANCISCO INTERNATIONAL AIRPORT, CA US",2018-01-18,5.82,,0.15,54,60.0,50.0,270,270,19.9,23.0,1,0,0,0,0
USW00023234,"SAN FRANCISCO INTERNATIONAL AIRPORT, CA US",2018-01-19,8.05,,0.0,53,57.0,47.0,280,280,18.1,21.0,0,0,0,0,0
USW00023234,"SAN FRANCISCO INTERNATIONAL AIRPORT, CA US",2018-01-20,8.28,,0.0,50,56.0,44.0,280,280,17.0,19.9,0,0,0,0,0
USW00023234,"SAN FRANCISCO INTERNATIONAL AIRPORT, CA US",2018-01-21,5.82,,0.0,49,57.0,42.0,180,170,15.0,19.0,0,0,0,0,0
USW00023234,"SAN FRANCISCO INTERNATIONAL AIRPORT, CA US",2018-01-22,8.95,,0.25,55,58.0,51.0,280,310,17.0,21.0,1,0,0,0,0
USW00023234,"SAN FRANCISCO INTERNATIONAL AIRPORT, CA US",2018-01-23,3.8,328.0,0.0,51,57.0,45.0,50,50,10.1,12.1,0,0,0,0,0
USW00023234,"SAN FRANCISCO INTERNATIONAL AIRPORT, CA US",2018-01-24,6.71,1413.0,0.27,51,60.0,45.0,220,210,35.1,51.0,0,0,0,0,0
USW00023234,"SAN FRANCISCO INTERNATIONAL AIRPORT, CA US",2018-01-25,7.38,1509.0,0.12,51,58.0,45.0,270,270,23.9,25.9,0,0,0,0,0
USW00023234,"SAN FRANCISCO INTERNATIONAL AIRPORT, CA US",2018-01-26,4.92,1809.0,0.0,49,54.0,42.0,290,280,13.0,15.0,0,0,0,0,0
USW00023234,"SAN FRANCISCO INTERNATIONAL AIRPORT, CA US",2018-01-27,4.47,1733.0,0.0,49,60.0,42.0,290,290,13.0,15.0,0,0,0,0,0
USW00023234,"SAN FRANCISCO INTERNATIONAL AIRPORT, CA US",2018-01-28,5.14,1827.0,0.0,55,66.0,46.0,30,40,13.0,16.1,0,0,0,0,0
USW00023234,"SAN FRANCISCO INTERNATIONAL AIRPORT, CA US",2018-01-29,3.58,934.0,0.0,55,61.0,47.0,120,130,12.1,13.0,0,0,0,0,0
USW00023234,"SAN FRANCISCO INTERNATIONAL AIRPORT, CA US",2018-01-30,5.59,1732.0,0.0,55,64.0,48.0,280,300,14.1,21.0,0,0,0,0,0
USW00023234,"SAN FRANCISCO INTERNATIONAL AIRPORT, CA US",2018-01-31,4.47,1553.0,0.0,54,65.0,46.0,280,270,15.0,21.0,0,0,0,0,0
USW00023234,"SAN FRANCISCO INTERNATIONAL AIRPORT, CA US",2018-02-01,4.47,342.0,0.0,57,73.0,51.0,40,30,13.0,15.0,0,0,0,0,0
USW00023234,"SAN FRANCISCO INTERNATIONAL AIRPORT, CA US",2018-02-02,2.91,1652.0,0.0,60,73.0,51.0,260,250,15.0,16.1,0,0,0,0,0
USW00023234,"SAN FRANCISCO INTERNATIONAL AIRPORT, CA US",2018-02-03,4.7,1038.0,0.0,62,76.0,50.0,80,70,16.1,19.9,0,0,0,0,0
USW00023234,"SAN FRANCISCO INTERNATIONAL AIRPORT, CA US",2018-02-04,3.8,1758.0,0.0,62,75.0,51.0,280,300,16.1,21.9,0,0,0,0,0
USW00023234,"SAN FRANCISCO INTERNATIONAL AIRPORT, CA US",2018-02-05,6.26,1806.0,0.0,60,72.0,53.0,270,260,23.0,27.1,0,0,0,0,0
USW00023234,"SAN FRANCISCO INTERNATIONAL AIRPORT, CA US",2018-02-06,2.46,741.0,0.0,61,75.0,52.0,280,150,8.1,12.1,0,0,0,0,0
USW00023234,"SAN FRANCISCO INTERNATIONAL AIRPORT, CA US",2018-02-07,2.24,555.0,0.0,62,72.0,51.0,60,50,12.1,13.0,0,0,0,0,0
USW00023234,"SAN FRANCISCO INTERNATIONAL AIRPORT, CA US",2018-02-08,4.25,1620.0,0.0,60,74.0,51.0,280,300,14.1,17.0,0,0,0,0,0
USW00023234,"SAN FRANCISCO INTERNATIONAL AIRPORT, CA US",2018-02-09,8.05,2357.0,0.0,60,74.0,51.0,280,290,23.0,27.1,0,0,0,0,0
USW00023234,"SAN FRANCISCO INTERNATIONAL AIRPORT, CA US",2018-02-10,14.09,43.0,0.0,59,65.0,53.0,280,300,23.9,29.1,0,0,0,0,0
USW00023234,"SAN FRANCISCO INTERNATIONAL AIRPORT, CA US",2018-02-11,13.42,1600.0,0.0,55,63.0,44.0,270,270,33.1,40.0,0,0,0,0,0
USW00023234,"SAN FRANCISCO INTERNATIONAL AIRPORT, CA US",2018-02-12,10.96,404.0,0.0,52,59.0,47.0,280,280,21.0,23.0,0,0,0,0,0
USW00023234,"SAN FRANCISCO INTERNATIONAL AIRPORT, CA US",2018-02-13,7.83,43.0,0.0,54,63.0,49.0,360,360,19.9,23.0,0,0,0,0,0
USW00023234,"SAN FRANCISCO INTERNATIONAL AIRPORT, CA US",2018-02-14,9.62,2027.0,0.0,53,60.0,45.0,280,260,23.9,34.0,0,0,0,0,0
USW00023234,"SAN FRANCISCO INTERNATIONAL AIRPORT, CA US",2018-02-15,7.61,1705.0,0.0,52,64.0,44.0,280,270,18.1,21.9,0,0,0,0,0
USW00023234,"SAN FRANCISCO INTERNATIONAL AIRPORT, CA US",2018-02-16,5.59,1708.0,0.0,51,65.0,42.0,270,280,21.0,23.9,0,0,0,0,0
USW00023234,"SAN FRANCISCO INTERNATIONAL AIRPORT, CA US",2018-02-17,8.5,2302.0,0.0,53,67.0,45.0,270,290,23.9,32.0,0,0,0,0,0
USW00023234,"SAN FRANCISCO INTERNATIONAL AIRPORT, CA US",2018-02-18,21.03,1619.0,0.02,53,58.0,45.0,270,270,36.9,40.9,0,0,0,0,0
USW00023234,"SAN FRANCISCO INTERNATIONAL AIRPORT, CA US",2018-02-19,15.66,1439.0,0.0,47,53.0,43.0,290,280,30.0,36.0,0,0,0,0,0
USW00023234,"SAN FRANCISCO INTERNATIONAL AIRPORT, CA US",2018-02-20,7.16,1620.0,0.0,46,53.0,36.0,260,260,21.0,23.9,0,0,0,0,0
USW00023234,"SAN FRANCISCO INTERNATIONAL AIRPORT, CA US",2018-02-21,7.83,2217.0,0.0,48,56.0,42.0,280,280,19.9,25.1,0,0,0,0,0
USW00023234,"SAN FRANCISCO INTERNATIONAL AIRPORT, CA US",2018-02-22,19.01,1732.0,0.02,50,55.0,45.0,280,280,33.1,38.9,0,0,0,0,0
USW00023234,"SAN FRANCISCO INTERNATIONAL AIRPORT, CA US",2018-02-23,10.07,1528.0,0.0,47,54.0,39.0,270,270,21.9,25.9,0,0,0,0,0
USW00023234,"SAN FRANCISCO INTERNATIONAL AIRPORT, CA US",2018-02-24,11.41,1624.0,0.0,47,57.0,39.0,280,280,30.0,35.1,0,0,0,0,0
USW00023234,"SAN FRANCISCO INTERNATIONAL AIRPORT, CA US",2018-02-25,9.4,1840.0,0.0,49,59.0,40.0,270,260,28.0,36.9,0,0,0,0,0
USW00023234,"SAN FRANCISCO INTERNATIONAL AIRPORT, CA US",2018-02-26,13.42,1425.0,0.19,51,54.0,45.0,280,260,31.1,36.0,0,0,0,0,0
USW00023234,"SAN FRANCISCO INTERNATIONAL AIRPORT, CA US",2018-02-27,11.18,543.0,0.0,49,58.0,44.0,360,360,28.0,33.1,0,0,0,0,0
USW00023234,"SAN FRANCISCO INTERNATIONAL AIRPORT, CA US",2018-02-28,9.4,2222.0,0.16,49,56.0,41.0,160,180,23.0,28.0,0,0,0,0,0
USW00023234,"SAN FRANCISCO INTERNATIONAL AIRPORT, CA US",2018-03-01,19.91,,1.04,53,59.0,48.0,210,210,33.1,42.1,1,0,0,0,0
USW00023234,"SAN FRANCISCO INTERNATIONAL AIRPORT, CA US",2018-03-02,8.95,,0.18,50,56.0,45.0,200,190,23.9,31.1,0,0,1,0,1
USW00023234,"SAN FRANCISCO INTERNATIONAL AIRPORT, CA US",2018-03-03,8.05,,0.05,47,53.0,42.0,230,180,21.0,25.1,0,0,0,0,1
USW00023234,"SAN FRANCISCO INTERNATIONAL AIRPORT, CA US",2018-03-04,4.92,,0.0,47,55.0,40.0,280,280,13.0,14.1,0,0,0,0,0
USW00023234,"SAN FRANCISCO INTERNATIONAL AIRPORT, CA US",2018-03-05,5.59,,0.0,50,61.0,41.0,80,80,14.1,16.1,0,0,0,0,0
USW00023234,"SAN FRANCISCO INTERNATIONAL AIRPORT, CA US",2018-03-06,3.36,,0.0,53,65.0,45.0,290,290,12.1,13.0,0,0,0,0,0
USW00023234,"SAN FRANCISCO INTERNATIONAL AIRPORT, CA US",2018-03-07,6.49,,0.01,57,70.0,52.0,210,210,21.0,23.9,0,0,0,0,0
USW00023234,"SAN FRANCISCO INTERNATIONAL AIRPORT, CA US",2018-03-08,9.62,,0.01,60,65.0,50.0,280,280,17.0,19.9,0,0,0,0,0
USW00023234,"SAN FRANCISCO INTERNATIONAL AIRPORT, CA US",2018-03-09,9.17,,0.0,53,65.0,49.0,280,280,21.0,23.9,1,0,0,0,0
USW00023234,"SAN FRANCISCO INTERNATIONAL AIRPORT, CA US",2018-03-10,5.82,,0.0,54,57.0,49.0,290,280,14.1,16.1,0,0,0,0,0
USW00023234,"SAN FRANCISCO INTERNATIONAL AIRPORT, CA US",2018-03-11,5.14,,0.0,52,67.0,46.0,290,290,16.1,18.1,1,1,0,0,1
USW00023234,"SAN FRANCISCO INTERNATIONAL AIRPORT, CA US",2018-03-12,6.71,,0.11,58,70.0,50.0,190,190,23.9,29.1,1,0,0,0,1
USW00023234,"SAN FRANCISCO INTERNATIONAL AIRPORT, CA US",2018-03-13,9.4,,0.26,60,62.0,51.0,160,160,23.0,31.1,1,0,0,0,1
USW00023234,"SAN FRANCISCO INTERNATIONAL AIRPORT, CA US",2018-03-14,9.84,,0.08,54,59.0,49.0,280,280,23.0,27.1,0,0,0,0,0
USW00023234,"SAN FRANCISCO INTERNATIONAL AIRPORT, CA US",2018-03-15,11.63,,0.14,51,59.0,44.0,200,220,23.9,34.0,0,0,0,0,1
USW00023234,"SAN FRANCISCO INTERNATIONAL AIRPORT, CA US",2018-03-16,9.84,,0.15,52,56.0,47.0,280,280,28.0,35.1,0,0,0,0,0
USW00023234,"SAN FRANCISCO INTERNATIONAL AIRPORT, CA US",2018-03-17,5.82,,0.0,50,56.0,46.0,270,290,16.1,21.9,0,0,0,0,0
USW00023234,"SAN FRANCISCO INTERNATIONAL AIRPORT, CA US",2018-03-18,4.25,,0.0,49,56.0,41.0,300,280,8.9,12.1,0,0,0,0,0
USW00023234,"SAN FRANCISCO INTERNATIONAL AIRPORT, CA US",2018-03-19,4.7,,0.0,52,62.0,44.0,90,100,10.1,13.0,0,0,0,0,0
USW00023234,"SAN FRANCISCO INTERNATIONAL AIRPORT, CA US",2018-03-20,5.59,,0.42,57,58.0,53.0,110,110,18.1,21.0,1,0,0,0,1
USW00023234,"SAN FRANCISCO INTERNATIONAL AIRPORT, CA US",2018-03-21,10.07,,0.13,58,65.0,55.0,160,160,21.0,28.0,1,0,0,0,1
USW00023234,"SAN FRANCISCO INTERNATIONAL AIRPORT, CA US",2018-03-22,20.36,,0.55,60,61.0,49.0,270,260,33.1,45.0,1,0,0,0,1
USW00023234,"SAN FRANCISCO INTERNATIONAL AIRPORT, CA US",2018-03-23,7.61,,0.0,51,59.0,46.0,200,200,18.1,23.0,0,0,0,0,0
USW00023234,"SAN FRANCISCO INTERNATIONAL AIRPORT, CA US",2018-03-24,8.28,,0.13,53,57.0,48.0,270,250,28.0,33.1,0,0,0,0,0
USW00023234,"SAN FRANCISCO INTERNATIONAL AIRPORT, CA US",2018-03-25,11.86,,0.06,51,57.0,45.0,280,270,25.1,31.1,0,0,0,0,0
USW00023234,"SAN FRANCISCO INTERNATIONAL AIRPORT, CA US",2018-03-26,10.96,,0.0,53,62.0,45.0,270,270,23.0,28.0,0,0,0,0,0
USW00023234,"SAN FRANCISCO INTERNATIONAL AIRPORT, CA US",2018-03-27,8.95,,0.0,58,72.0,49.0,270,280,25.1,28.0,0,0,0,0,0
USW00023234,"SAN FRANCISCO INTERNATIONAL AIRPORT, CA US",2018-03-28,6.26,,0.0,60,77.0,51.0,280,280,21.0,23.9,0,0,0,0,0
USW00023234,"SAN FRANCISCO INTERNATIONAL AIRPORT, CA US",2018-03-29,6.26,,0.0,63,81.0,52.0,280,270,19.9,23.9,0,0,0,0,0
USW00023234,"SAN FRANCISCO INTERNATIONAL AIRPORT, CA US",2018-03-30,7.61,,0.0,64,79.0,55.0,280,280,19.9,21.9,0,0,0,0,0
USW00023234,"SAN FRANCISCO INTERNATIONAL AIRPORT, CA US",2018-03-31,10.74,,0.0,61,64.0,51.0,280,280,21.9,25.9,0,0,0,0,0
USW00023234,"SAN FRANCISCO INTERNATIONAL AIRPORT, CA US",2018-04-01,11.63,,0.0,56,67.0,50.0,270,270,33.1,40.0,0,0,0,0,0
USW00023234,"SAN FRANCISCO INTERNATIONAL AIRPORT, CA US",2018-04-02,17.67,,0.0,57,63.0,51.0,260,270,30.0,36.0,0,0,0,0,0
USW00023234,"SAN FRANCISCO INTERNATIONAL AIRPORT, CA US",2018-04-03,10.07,,0.0,55,65.0,48.0,270,290,23.9,30.0,0,0,0,0,0
USW00023234,"SAN FRANCISCO INTERNATIONAL AIRPORT, CA US",2018-04-04,9.4,,0.0,56,63.0,52.0,280,280,21.0,25.9,0,0,0,0,0
USW00023234,"SAN FRANCISCO INTERNATIONAL AIRPORT, CA US",2018-04-05,6.71,,0.11,57,63.0,52.0,310,310,14.1,17.0,0,0,0,0,0
USW00023234,"SAN FRANCISCO INTERNATIONAL AIRPORT, CA US",2018-04-06,11.63,,1.11,60,64.0,57.0,160,160,23.0,33.1,1,0,0,0,1
USW00023234,"SAN FRANCISCO INTERNATIONAL AIRPORT, CA US",2018-04-07,12.3,,0.64,62,64.0,53.0,290,180,21.0,27.1,1,0,0,0,0
USW00023234,"SAN FRANCISCO INTERNATIONAL AIRPORT, CA US",2018-04-08,11.41,,0.0,58,64.0,52.0,280,280,28.0,33.1,0,0,0,0,0
USW00023234,"SAN FRANCISCO INTERNATIONAL AIRPORT, CA US",2018-04-09,7.38,,0.0,58,75.0,50.0,270,270,21.0,23.9,0,0,0,0,0
USW00023234,"SAN FRANCISCO INTERNATIONAL AIRPORT, CA US",2018-04-10,10.96,,0.0,63,65.0,53.0,260,270,21.9,25.1,1,0,0,0,1
USW00023234,"SAN FRANCISCO INTERNATIONAL AIRPORT, CA US",2018-04-11,12.75,,0.22,56,65.0,51.0,260,270,31.1,38.9,1,0,0,0,1
USW00023234,"SAN FRANCISCO INTERNATIONAL AIRPORT, CA US",2018-04-12,15.43,,0.0,54,63.0,48.0,280,280,30.0,35.1,0,0,0,0,0
USW00023234,"SAN FRANCISCO INTERNATIONAL AIRPORT, CA US",2018-04-13,9.17,,0.0,55,66.0,46.0,260,270,21.9,23.9,0,0,0,0,0
USW00023234,"SAN FRANCISCO INTERNATIONAL AIRPORT, CA US",2018-04-14,10.74,,0.0,58,71.0,51.0,270,270,30.0,35.1,0,0,0,0,0
USW00023234,"SAN FRANCISCO INTERNATIONAL AIRPORT, CA US",2018-04-15,10.51,,0.05,58,64.0,50.0,240,210,23.9,29.1,0,0,0,0,1
USW00023234,"SAN FRANCISCO INTERNATIONAL AIRPORT, CA US",2018-04-16,12.3,,0.11,52,57.0,48.0,250,250,25.9,33.1,0,0,0,0,0
USW00023234,"SAN FRANCISCO INTERNATIONAL AIRPORT, CA US",2018-04-17,8.28,,0.0,52,63.0,45.0,270,280,21.9,25.1,0,0,0,0,0
USW00023234,"SAN FRANCISCO INTERNATIONAL AIRPORT, CA US",2018-04-18,10.07,,0.0,54,60.0,51.0,260,270,18.1,28.0,0,0,0,0,0
USW00023234,"SAN FRANCISCO INTERNATIONAL AIRPORT, CA US",2018-04-19,14.54,,0.0,55,63.0,48.0,270,270,29.1,35.1,0,0,0,0,0
USW00023234,"SAN FRANCISCO INTERNATIONAL AIRPORT, CA US",2018-04-20,11.18,,0.0,56,67.0,49.0,270,270,28.0,36.0,0,0,0,0,0
USW00023234,"SAN FRANCISCO INTERNATIONAL AIRPORT, CA US",2018-04-21,11.41,,0.0,58,75.0,50.0,280,280,25.9,32.0,0,0,0,0,0
USW00023234,"SAN FRANCISCO INTERNATIONAL AIRPORT, CA US",2018-04-22,10.51,,0.0,59,76.0,49.0,290,280,21.9,25.1,0,0,0,0,0
USW00023234,"SAN FRANCISCO INTERNATIONAL AIRPORT, CA US",2018-04-23,11.18,,0.0,60,74.0,52.0,290,290,23.9,30.0,0,0,0,0,0
USW00023234,"SAN FRANCISCO INTERNATIONAL AIRPORT, CA US",2018-04-24,11.18,,0.0,58,66.0,53.0,270,270,25.1,30.0,0,0,0,0,0
USW00023234,"SAN FRANCISCO INTERNATIONAL AIRPORT, CA US",2018-04-25,10.74,,0.0,57,65.0,51.0,280,280,21.0,25.1,0,0,0,0,0
USW00023234,"SAN FRANCISCO INTERNATIONAL AIRPORT, CA US",2018-04-26,12.75,,0.0,56,63.0,52.0,270,270,25.9,30.0,0,0,0,0,0
USW00023234,"SAN FRANCISCO INTERNATIONAL AIRPORT, CA US",2018-04-27,9.62,,0.0,58,67.0,54.0,270,270,18.1,27.1,0,0,0,0,0
USW00023234,"SAN FRANCISCO INTERNATIONAL AIRPORT, CA US",2018-04-28,10.74,,0.0,59,66.0,55.0,280,250,19.9,23.0,0,0,0,0,0
USW00023234,"SAN FRANCISCO INTERNATIONAL AIRPORT, CA US",2018-04-29,18.12,,0.0,58,64.0,54.0,270,270,29.1,35.1,0,0,0,0,0
USW00023234,"SAN FRANCISCO INTERNATIONAL AIRPORT, CA US",2018-04-30,16.78,,0.0,57,63.0,52.0,270,270,31.1,36.0,0,0,0,0,0
USW00023234,"SAN FRANCISCO INTERNATIONAL AIRPORT, CA US",2018-05-01,12.53,,0.0,56,67.0,50.0,260,250,30.0,36.0,0,0,0,0,0
USW00023234,"SAN FRANCISCO INTERNATIONAL AIRPORT, CA US",2018-05-02,9.17,,0.0,57,67.0,52.0,250,250,18.1,23.9,0,0,0,0,0
USW00023234,"SAN FRANCISCO INTERNATIONAL AIRPORT, CA US",2018-05-03,12.97,,0.0,57,66.0,52.0,290,290,25.9,31.1,0,0,0,0,0
USW00023234,"SAN FRANCISCO INTERNATIONAL AIRPORT, CA US",2018-05-04,13.87,,0.0,57,69.0,52.0,270,280,32.0,36.0,0,0,0,0,0
USW00023234,"SAN FRANCISCO INTERNATIONAL AIRPORT, CA US",2018-05-05,14.54,,0.0,56,61.0,53.0,280,270,25.9,31.1,0,0,0,0,0
USW00023234,"SAN FRANCISCO INTERNATIONAL AIRPORT, CA US",2018-05-06,14.99,,0.0,57,65.0,53.0,290,280,29.1,36.0,0,0,0,0,0
USW00023234,"SAN FRANCISCO INTERNATIONAL AIRPORT, CA US",2018-05-07,14.54,,0.0,60,71.0,54.0,280,280,25.9,33.1,0,0,0,0,0
USW00023234,"SAN FRANCISCO INTERNATIONAL AIRPORT, CA US",2018-05-08,12.3,,0.0,60,70.0,54.0,270,270,23.0,29.1,0,0,0,0,0
USW00023234,"SAN FRANCISCO INTERNATIONAL AIRPORT, CA US",2018-05-09,20.36,,0.0,60,67.0,56.0,270,260,36.9,45.0,1,0,0,0,0
USW00023234,"SAN FRANCISCO INTERNATIONAL AIRPORT, CA US",2018-05-10,18.12,,0.0,59,66.0,52.0,260,270,31.1,38.0,0,0,0,0,0
USW00023234,"SAN FRANCISCO INTERNATIONAL AIRPORT, CA US",2018-05-11,10.96,,0.0,59,75.0,51.0,280,280,25.9,30.0,0,0,0,0,0
USW00023234,"SAN FRANCISCO INTERNATIONAL AIRPORT, CA US",2018-05-12,9.4,,0.0,69,76.0,57.0,210,210,17.0,23.0,0,0,0,0,0
USW00023234,"SAN FRANCISCO INTERNATIONAL AIRPORT, CA US",2018-05-13,12.08,,0.0,61,67.0,55.0,210,200,21.9,28.0,0,0,0,0,0
USW00023234,"SAN FRANCISCO INTERNATIONAL AIRPORT, CA US",2018-05-14,12.08,,0.0,59,65.0,54.0,270,260,21.0,25.9,0,0,0,0,0
USW00023234,"SAN FRANCISCO INTERNATIONAL AIRPORT, CA US",2018-05-15,10.51,,0.0,60,67.0,56.0,230,260,21.0,29.1,0,0,0,0,0
USW00023234,"SAN FRANCISCO INTERNATIONAL AIRPORT, CA US",2018-05-16,12.08,,0.0,60,68.0,54.0,270,270,19.9,23.9,0,0,0,0,0
USW00023234,"SAN FRANCISCO INTERNATIONAL AIRPORT, CA US",2018-05-17,16.78,,0.0,59,65.0,55.0,270,270,30.0,38.0,0,0,0,0,0
USW00023234,"SAN FRANCISCO INTERNATIONAL AIRPORT, CA US",2018-05-18,14.32,,0.0,58,64.0,55.0,270,270,25.1,32.0,1,0,0,0,1
USW00023234,"SAN FRANCISCO INTERNATIONAL AIRPORT, CA US",2018-05-19,17.9,,0.0,57,63.0,55.0,250,270,30.0,38.9,0,0,0,0,0
USW00023234,"SAN FRANCISCO INTERNATIONAL AIRPORT, CA US",2018-05-20,19.91,,0.0,57,62.0,54.0,260,270,30.0,38.0,0,0,0,0,0
USW00023234,"SAN FRANCISCO INTERNATIONAL AIRPORT, CA US",2018-05-21,11.41,,0.0,58,67.0,52.0,260,270,31.1,36.9,0,0,0,0,0
USW00023234,"SAN FRANCISCO INTERNATIONAL AIRPORT, CA US",2018-05-22,11.41,,0.0,57,61.0,54.0,260,240,19.9,23.0,0,0,0,0,1
USW00023234,"SAN FRANCISCO INTERNATIONAL AIRPORT, CA US",2018-05-23,10.51,,0.0,57,63.0,55.0,270,270,21.0,25.9,0,0,0,0,1
USW00023234,"SAN FRANCISCO INTERNATIONAL AIRPORT, CA US",2018-05-24,9.17,,0.0,58,64.0,55.0,250,230,18.1,23.0,0,0,0,0,0
USW00023234,"SAN FRANCISCO INTERNATIONAL AIRPORT, CA US",2018-05-25,9.17,,0.01,59,65.0,55.0,240,230,17.0,23.9,1,0,0,0,1
USW00023234,"SAN FRANCISCO INTERNATIONAL AIRPORT, CA US",2018-05-26,12.97,,0.0,59,66.0,55.0,280,270,23.0,28.0,0,0,0,0,0
USW00023234,"SAN FRANCISCO INTERNATIONAL AIRPORT, CA US",2018-05-27,9.4,,0.0,60,74.0,53.0,290,290,21.9,25.9,0,0,0,0,0
USW00023234,"SAN FRANCISCO INTERNATIONAL AIRPORT, CA US",2018-05-28,10.74,,0.0,65,84.0,56.0,300,290,23.0,25.9,0,0,0,0,0
USW00023234,"SAN FRANCISCO INTERNATIONAL AIRPORT, CA US",2018-05-29,16.55,,0.0,64,71.0,56.0,270,260,31.1,36.0,0,0,0,0,1
USW00023234,"SAN FRANCISCO INTERNATIONAL AIRPORT, CA US",2018-05-30,22.59,,0.0,58,62.0,54.0,260,260,36.0,45.0,0,0,0,0,0
USW00023234,"SAN FRANCISCO INTERNATIONAL AIRPORT, CA US",2018-05-31,21.47,,0.0,58,64.0,53.0,280,260,35.1,44.1,0,0,0,0,0
USW00023234,"SAN FRANCISCO INTERNATIONAL AIRPORT, CA US",2018-06-01,11.41,,0.0,59,75.0,51.0,280,280,30.0,36.0,0,0,0,0,0
USW00023234,"SAN FRANCISCO INTERNATIONAL AIRPORT, CA US",2018-06-02,10.51,,0.0,65,85.0,55.0,290,290,25.1,30.0,0,0,0,0,0
USW00023234,"SAN FRANCISCO INTERNATIONAL AIRPORT, CA US",2018-06-03,13.42,,0.0,64,75.0,56.0,290,290,29.1,33.1,0,0,0,0,0
USW00023234,"SAN FRANCISCO INTERNATIONAL AIRPORT, CA US",2018-06-04,22.82,,0.0,61,67.0,56.0,260,260,36.9,44.1,0,0,0,0,0
USW00023234,"SAN FRANCISCO INTERNATIONAL AIRPORT, CA US",2018-06-05,17.9,,0.0,59,65.0,54.0,260,260,29.1,35.1,0,0,0,0,0
USW00023234,"SAN FRANCISCO INTERNATIONAL AIRPORT, CA US",2018-06-06,18.34,,0.0,58,65.0,54.0,270,290,25.9,35.1,0,0,0,0,0
USW00023234,"SAN FRANCISCO INTERNATIONAL AIRPORT, CA US",2018-06-07,19.01,,0.0,60,66.0,55.0,260,280,31.1,40.0,0,0,0,0,0
USW00023234,"SAN FRANCISCO INTERNATIONAL AIRPORT, CA US",2018-06-08,19.91,,0.0,61,70.0,52.0,270,260,38.0,42.1,0,0,0,0,1
USW00023234,"SAN FRANCISCO INTERNATIONAL AIRPORT, CA US",2018-06-09,20.36,,0.0,61,67.0,55.0,280,280,40.9,51.0,1,0,0,0,1
USW00023234,"SAN FRANCISCO INTERNATIONAL AIRPORT, CA US",2018-06-10,19.01,,0.0,60,68.0,53.0,270,270,38.9,47.0,0,0,0,0,0
USW00023234,"SAN FRANCISCO INTERNATIONAL AIRPORT, CA US",2018-06-11,16.78,,0.0,61,71.0,56.0,280,290,23.9,31.1,0,0,0,0,0
USW00023234,"SAN FRANCISCO INTERNATIONAL AIRPORT, CA US",2018-06-12,14.54,,0.0,64,76.0,57.0,290,290,31.1,35.1,0,0,0,0,0
USW00023234,"SAN FRANCISCO INTERNATIONAL AIRPORT, CA US",2018-06-13,16.78,,0.0,64,76.0,56.0,270,280,36.9,44.1,0,0,0,0,0
USW00023234,"SAN FRANCISCO INTERNATIONAL AIRPORT, CA US",2018-06-14,10.29,,0.0,62,77.0,57.0,260,260,19.9,23.9,0,0,0,0,0
USW00023234,"SAN FRANCISCO INTERNATIONAL AIRPORT, CA US",2018-06-15,12.3,,0.0,62,66.0,56.0,230,210,23.9,31.1,0,0,0,0,0
USW00023234,"SAN FRANCISCO INTERNATIONAL AIRPORT, CA US",2018-06-16,11.63,,0.0,62,71.0,56.0,210,210,30.0,36.0,0,0,0,0,0
USW00023234,"SAN FRANCISCO INTERNATIONAL AIRPORT, CA US",2018-06-17,8.72,,0.0,62,72.0,57.0,180,200,16.1,19.0,0,0,0,0,0
USW00023234,"SAN FRANCISCO INTERNATIONAL AIRPORT, CA US",2018-06-18,12.75,,0.0,65,71.0,56.0,280,280,29.1,33.1,0,0,0,0,0
USW00023234,"SAN FRANCISCO INTERNATIONAL AIRPORT, CA US",2018-06-19,14.09,,0.0,60,67.0,56.0,280,280,30.0,35.1,0,0,0,0,0
USW00023234,"SAN FRANCISCO INTERNATIONAL AIRPORT, CA US",2018-06-20,16.33,,0.0,59,65.0,55.0,260,270,31.1,36.0,0,0,0,0,0
USW00023234,"SAN FRANCISCO INTERNATIONAL AIRPORT, CA US",2018-06-21,17.67,,0.0,60,69.0,54.0,270,280,30.0,36.0,0,0,0,0,0
USW00023234,"SAN FRANCISCO INTERNATIONAL AIRPORT, CA US",2018-06-22,12.75,,0.0,64,,,290,290,30.0,34.0,0,0,0,0,0
USW00023234,"SAN FRANCISCO INTERNATIONAL AIRPORT, CA US",2018-06-23,10.07,,0.0,69,,,290,290,23.9,28.0,0,0,0,0,0
USW00023234,"SAN FRANCISCO INTERNATIONAL AIRPORT, CA US",2018-06-24,8.28,,0.0,69,,,200,190,21.0,23.9,0,0,0,0,0
USW00023234,"SAN FRANCISCO INTERNATIONAL AIRPORT, CA US",2018-06-25,10.51,,0.0,67,,,290,290,23.9,28.0,0,0,0,0,0
USW00023234,"SAN FRANCISCO INTERNATIONAL AIRPORT, CA US",2018-06-26,14.09,,0.0,65,,,270,270,25.1,29.1,0,0,0,0,0
USW00023234,"SAN FRANCISCO INTERNATIONAL AIRPORT, CA US",2018-06-27,10.51,,0.0,64,,,270,280,25.1,30.0,0,0,0,0,0
USW00023234,"SAN FRANCISCO INTERNATIONAL AIRPORT, CA US",2018-06-28,15.21,,0.0,64,,,260,250,29.1,38.9,0,0,0,0,0
USW00023234,"SAN FRANCISCO INTERNATIONAL AIRPORT, CA US",2018-06-29,12.75,,0.0,66,,,280,270,29.1,34.0,0,0,0,0,0
USW00023234,"SAN FRANCISCO INTERNATIONAL AIRPORT, CA US",2018-06-30,8.28,,0.0,71,,,290,300,21.9,25.9,0,0,0,0,0
USW00023234,"SAN FRANCISCO INTERNATIONAL AIRPORT, CA US",2018-07-01,7.61,,0.0,69,,,320,320,16.1,18.1,0,0,0,0,0
USW00023234,"SAN FRANCISCO INTERNATIONAL AIRPORT, CA US",2018-07-02,9.17,,0.0,68,,,290,290,21.0,23.9,0,0,0,0,0
USW00023234,"SAN FRANCISCO INTERNATIONAL AIRPORT, CA US",2018-07-03,9.62,,0.0,67,,,210,210,21.0,23.9,0,0,0,0,0
USW00023234,"SAN FRANCISCO INTERNATIONAL AIRPORT, CA US",2018-07-04,14.54,,0.0,68,,,190,190,23.0,29.1,0,0,0,0,0
USW00023234,"SAN FRANCISCO INTERNATIONAL AIRPORT, CA US",2018-07-05,13.87,,0.0,67,,,280,280,29.1,32.0,0,0,0,0,0
USW00023234,"SAN FRANCISCO INTERNATIONAL AIRPORT, CA US",2018-07-06,12.3,,0.0,72,,,280,270,28.0,32.0,0,0,0,0,0
USW00023234,"SAN FRANCISCO INTERNATIONAL AIRPORT, CA US",2018-07-07,18.57,,0.0,74,,,260,260,33.1,36.9,0,0,0,0,0
USW00023234,"SAN FRANCISCO INTERNATIONAL AIRPORT, CA US",2018-07-08,16.33,,0.0,68,,,270,270,31.1,36.0,0,0,0,0,0
USW00023234,"SAN FRANCISCO INTERNATIONAL AIRPORT, CA US",2018-07-09,17.9,,0.0,64,,,270,270,32.0,38.0,0,0,0,0,1
USW00023234,"SAN FRANCISCO INTERNATIONAL AIRPORT, CA US",2018-07-10,16.78,,0.0,70,,,260,270,36.0,42.1,0,0,0,0,0
USW00023234,"SAN FRANCISCO INTERNATIONAL AIRPORT, CA US",2018-07-11,11.41,,0.0,70,,,290,280,25.1,29.1,0,0,0,0,0
USW00023234,"SAN FRANCISCO INTERNATIONAL AIRPORT, CA US",2018-07-12,10.74,,0.0,63,75.0,57.0,290,290,23.9,28.0,0,0,0,0,1
USW00023234,"SAN FRANCISCO INTERNATIONAL AIRPORT, CA US",2018-07-13,13.87,,0.0,65,71.0,58.0,290,310,25.1,29.1,0,0,0,0,0
USW00023234,"SAN FRANCISCO INTERNATIONAL AIRPORT, CA US",2018-07-14,16.11,,0.0,62,71.0,55.0,290,290,25.9,29.1,0,0,0,0,0
USW00023234,"SAN FRANCISCO INTERNATIONAL AIRPORT, CA US",2018-07-15,14.54,,0.0,60,69.0,55.0,290,280,25.9,30.0,0,0,0,0,0
USW00023234,"SAN FRANCISCO INTERNATIONAL AIRPORT, CA US",2018-07-16,15.21,,0.0,61,69.0,55.0,280,290,28.0,32.0,0,0,0,0,0
USW00023234,"SAN FRANCISCO INTERNATIONAL AIRPORT, CA US",2018-07-17,14.09,,0.0,60,67.0,55.0,290,290,25.9,31.1,0,0,0,0,0
USW00023234,"SAN FRANCISCO INTERNATIONAL AIRPORT, CA US",2018-07-18,12.08,,0.0,61,71.0,55.0,300,290,25.1,30.0,0,0,0,0,0
USW00023234,"SAN FRANCISCO INTERNATIONAL AIRPORT, CA US",2018-07-19,10.07,,0.0,62,72.0,55.0,310,310,23.0,27.1,0,0,0,0,0
USW00023234,"SAN FRANCISCO INTERNATIONAL AIRPORT, CA US",2018-07-20,8.5,,0.0,63,83.0,56.0,300,290,17.0,21.0,0,0,0,0,0
USW00023234,"SAN FRANCISCO INTERNATIONAL AIRPORT, CA US",2018-07-21,12.3,,0.0,66,75.0,59.0,290,290,25.9,31.1,0,0,0,0,0
USW00023234,"SAN FRANCISCO INTERNATIONAL AIRPORT, CA US",2018-07-22,13.87,,0.0,64,72.0,58.0,280,300,23.9,29.1,0,0,0,0,0
USW00023234,"SAN FRANCISCO INTERNATIONAL AIRPORT, CA US",2018-07-23,15.43,,0.0,62,70.0,55.0,290,290,25.9,33.1,0,0,0,0,0
USW00023234,"SAN FRANCISCO INTERNATIONAL AIRPORT, CA US",2018-07-24,14.99,,0.0,61,67.0,55.0,290,290,25.1,31.1,0,0,0,0,0
USW00023234,"SAN FRANCISCO INTERNATIONAL AIRPORT, CA US",2018-07-25,16.11,,0.0,61,70.0,55.0,290,290,25.9,31.1,0,0,0,0,0
USW00023234,"SAN FRANCISCO INTERNATIONAL AIRPORT, CA US",2018-07-26,16.33,,0.0,59,69.0,55.0,290,290,29.1,33.1,0,0,0,0,0
USW00023234,"SAN FRANCISCO INTERNATIONAL AIRPORT, CA US",2018-07-27,14.09,,0.0,59,65.0,55.0,290,280,25.1,32.0,0,0,0,0,0
USW00023234,"SAN FRANCISCO INTERNATIONAL AIRPORT, CA US",2018-07-28,13.42,,0.0,58,66.0,53.0,290,290,28.0,32.0,0,0,0,0,0
USW00023234,"SAN FRANCISCO INTERNATIONAL AIRPORT, CA US",2018-07-29,12.53,,0.0,58,66.0,52.0,290,290,23.9,29.1,0,0,0,0,0
USW00023234,"SAN FRANCISCO INTERNATIONAL AIRPORT, CA US",2018-07-30,15.43,,0.0,58,66.0,53.0,300,290,25.9,32.0,0,0,0,0,0
USW00023234,"SAN FRANCISCO INTERNATIONAL AIRPORT, CA US",2018-07-31,14.76,,0.0,58,65.0,52.0,290,290,25.9,32.0,0,0,0,0,0
USW00023234,"SAN FRANCISCO INTERNATIONAL AIRPORT, CA US",2018-08-01,13.2,,0.0,58,66.0,52.0,280,280,23.0,28.0,0,0,0,0,0
USW00023234,"SAN FRANCISCO INTERNATIONAL AIRPORT, CA US",2018-08-02,12.08,,0.0,59,68.0,52.0,290,290,21.9,29.1,0,0,0,0,0
USW00023234,"SAN FRANCISCO INTERNATIONAL AIRPORT, CA US",2018-08-03,11.86,,0.0,61,72.0,52.0,290,290,25.1,30.0,0,0,0,0,1
USW00023234,"SAN FRANCISCO INTERNATIONAL AIRPORT, CA US",2018-08-04,15.88,,0.0,62,73.0,55.0,270,280,31.1,36.9,0,0,0,0,0
USW00023234,"SAN FRANCISCO INTERNATIONAL AIRPORT, CA US",2018-08-05,14.54,,0.0,61,68.0,55.0,300,300,23.9,29.1,0,0,0,0,0
USW00023234,"SAN FRANCISCO INTERNATIONAL AIRPORT, CA US",2018-08-06,13.65,,0.0,60,73.0,50.0,280,280,28.0,35.1,0,0,0,0,0
USW00023234,"SAN FRANCISCO INTERNATIONAL AIRPORT, CA US",2018-08-07,14.99,,0.0,58,64.0,52.0,290,290,25.1,30.0,0,0,0,0,0
USW00023234,"SAN FRANCISCO INTERNATIONAL AIRPORT, CA US",2018-08-08,13.87,,0.0,59,70.0,53.0,290,290,25.1,31.1,0,0,0,0,0
USW00023234,"SAN FRANCISCO INTERNATIONAL AIRPORT, CA US",2018-08-09,11.41,,0.0,60,79.0,52.0,290,290,25.1,29.1,1,0,0,0,0
USW00023234,"SAN FRANCISCO INTERNATIONAL AIRPORT, CA US",2018-08-10,12.75,,0.0,60,71.0,52.0,310,290,23.0,25.9,0,0,0,0,0
USW00023234,"SAN FRANCISCO INTERNATIONAL AIRPORT, CA US",2018-08-11,12.75,,0.0,64,74.0,58.0,290,290,23.9,30.0,0,0,0,0,0
USW00023234,"SAN FRANCISCO INTERNATIONAL AIRPORT, CA US",2018-08-12,12.75,,0.0,63,72.0,58.0,280,290,25.1,28.0,0,0,0,0,1
USW00023234,"SAN FRANCISCO INTERNATIONAL AIRPORT, CA US",2018-08-13,14.09,,0.0,60,67.0,55.0,270,260,25.1,31.1,0,0,0,0,0
USW00023234,"SAN FRANCISCO INTERNATIONAL AIRPORT, CA US",2018-08-14,12.97,,0.0,59,66.0,55.0,260,270,23.0,30.0,0,0,0,0,0
USW00023234,"SAN FRANCISCO INTERNATIONAL AIRPORT, CA US",2018-08-15,13.65,,0.0,63,71.0,59.0,260,260,23.0,29.1,0,0,0,0,0
USW00023234,"SAN FRANCISCO INTERNATIONAL AIRPORT, CA US",2018-08-16,16.33,,0.0,63,71.0,58.0,290,280,25.1,30.0,0,0,0,0,0
USW00023234,"SAN FRANCISCO INTERNATIONAL AIRPORT, CA US",2018-08-17,12.08,,0.0,62,71.0,55.0,290,290,25.9,30.0,0,0,0,0,0
USW00023234,"SAN FRANCISCO INTERNATIONAL AIRPORT, CA US",2018-08-18,12.75,,0.0,60,71.0,52.0,300,290,25.1,29.1,0,0,0,0,0
USW00023234,"SAN FRANCISCO INTERNATIONAL AIRPORT, CA US",2018-08-19,12.08,,0.0,59,68.0,52.0,290,290,25.1,31.1,0,0,0,0,0
USW00023234,"SAN FRANCISCO INTERNATIONAL AIRPORT, CA US",2018-08-20,10.29,,0.0,60,72.0,55.0,280,280,19.9,23.9,0,0,0,0,0
USW00023234,"SAN FRANCISCO INTERNATIONAL AIRPORT, CA US",2018-08-21,9.17,,0.0,60,67.0,55.0,250,230,17.0,21.0,0,0,0,0,0
USW00023234,"SAN FRANCISCO INTERNATIONAL AIRPORT, CA US",2018-08-22,10.07,,0.0,63,72.0,61.0,270,240,19.9,23.9,0,0,0,0,0
USW00023234,"SAN FRANCISCO INTERNATIONAL AIRPORT, CA US",2018-08-23,10.96,,0.0,63,70.0,61.0,270,270,21.9,25.9,0,0,0,0,1
USW00023234,"SAN FRANCISCO INTERNATIONAL AIRPORT, CA US",2018-08-24,10.51,,0.0,63,71.0,56.0,280,270,23.0,28.0,1,0,0,0,1
USW00023234,"SAN FRANCISCO INTERNATIONAL AIRPORT, CA US",2018-08-25,9.62,,0.0,60,71.0,55.0,290,290,23.0,27.1,0,0,0,0,0
USW00023234,"SAN FRANCISCO INTERNATIONAL AIRPORT, CA US",2018-08-26,10.07,,0.0,60,72.0,55.0,290,280,21.0,23.9,0,0,0,0,0
USW00023234,"SAN FRANCISCO INTERNATIONAL AIRPORT, CA US",2018-08-27,10.07,,0.0,62,71.0,56.0,200,200,19.9,23.9,0,0,0,0,0
USW00023234,"SAN FRANCISCO INTERNATIONAL AIRPORT, CA US",2018-08-28,7.83,,0.0,62,68.0,58.0,230,220,18.1,23.0,0,0,0,0,0
USW00023234,"SAN FRANCISCO INTERNATIONAL AIRPORT, CA US",2018-08-29,9.17,,0.0,65,74.0,58.0,230,240,23.0,28.0,0,0,0,0,0
USW00023234,"SAN FRANCISCO INTERNATIONAL AIRPORT, CA US",2018-08-30,11.18,,0.0,65,71.0,58.0,260,280,23.0,30.0,0,0,0,0,0
USW00023234,"SAN FRANCISCO INTERNATIONAL AIRPORT, CA US",2018-08-31,15.21,,0.0,62,71.0,56.0,270,270,29.1,35.1,0,0,0,0,0
USW00023234,"SAN FRANCISCO INTERNATIONAL AIRPORT, CA US",2018-09-01,12.53,,0.0,60,68.0,55.0,290,290,23.0,25.9,0,0,0,0,1
USW00023234,"SAN FRANCISCO INTERNATIONAL AIRPORT, CA US",2018-09-02,10.96,,0.0,60,69.0,53.0,290,290,25.1,29.1,0,0,0,0,0
USW00023234,"SAN FRANCISCO INTERNATIONAL AIRPORT, CA US",2018-09-03,9.62,,0.0,60,70.0,55.0,290,300,23.9,27.1,0,0,0,0,0
USW00023234,"SAN FRANCISCO INTERNATIONAL AIRPORT, CA US",2018-09-04,8.72,,0.0,61,70.0,56.0,300,320,21.9,29.1,0,0,0,0,0
USW00023234,"SAN FRANCISCO INTERNATIONAL AIRPORT, CA US",2018-09-05,9.17,,0.0,61,71.0,55.0,280,280,23.0,28.0,0,0,0,0,0
USW00023234,"SAN FRANCISCO INTERNATIONAL AIRPORT, CA US",2018-09-06,12.97,,0.0,58,64.0,55.0,290,290,25.1,31.1,0,0,0,0,0
USW00023234,"SAN FRANCISCO INTERNATIONAL AIRPORT, CA US",2018-09-07,12.53,,0.0,59,72.0,53.0,300,290,28.0,32.0,0,0,0,0,0
USW00023234,"SAN FRANCISCO INTERNATIONAL AIRPORT, CA US",2018-09-08,14.76,,0.0,61,73.0,55.0,270,280,28.0,36.9,0,0,0,0,0
USW00023234,"SAN FRANCISCO INTERNATIONAL AIRPORT, CA US",2018-09-09,13.87,,0.0,62,73.0,52.0,280,280,30.0,36.0,0,0,0,0,1
USW00023234,"SAN FRANCISCO INTERNATIONAL AIRPORT, CA US",2018-09-10,12.3,,0.0,61,77.0,53.0,270,270,32.0,36.9,0,0,0,0,0
USW00023234,"SAN FRANCISCO INTERNATIONAL AIRPORT, CA US",2018-09-11,19.24,,0.0,61,70.0,55.0,260,270,36.0,40.9,0,0,0,0,0
USW00023234,"SAN FRANCISCO INTERNATIONAL AIRPORT, CA US",2018-09-12,18.12,,0.0,60,67.0,55.0,270,270,33.1,40.9,0,0,0,0,0
USW00023234,"SAN FRANCISCO INTERNATIONAL AIRPORT, CA US",2018-09-13,16.55,,0.0,60,68.0,55.0,260,270,29.1,36.9,0,0,0,0,0
USW00023234,"SAN FRANCISCO INTERNATIONAL AIRPORT, CA US",2018-09-14,13.42,,0.0,60,71.0,55.0,270,280,25.9,32.0,0,0,0,0,0
USW00023234,"SAN FRANCISCO INTERNATIONAL AIRPORT, CA US",2018-09-15,20.13,,0.0,59,65.0,55.0,260,270,28.0,33.1,0,0,0,0,0
USW00023234,"SAN FRANCISCO INTERNATIONAL AIRPORT, CA US",2018-09-16,14.54,,0.0,60,70.0,55.0,260,260,25.1,30.0,0,0,0,0,0
USW00023234,"SAN FRANCISCO INTERNATIONAL AIRPORT, CA US",2018-09-17,14.09,,0.0,61,66.0,56.0,260,260,30.0,36.0,0,0,0,0,0
USW00023234,"SAN FRANCISCO INTERNATIONAL AIRPORT, CA US",2018-09-18,10.96,,0.0,59,67.0,54.0,290,280,25.1,31.1,0,0,0,0,0
USW00023234,"SAN FRANCISCO INTERNATIONAL AIRPORT, CA US",2018-09-19,8.05,,0.0,58,75.0,51.0,280,280,25.1,29.1,0,0,0,0,0
USW00023234,"SAN FRANCISCO INTERNATIONAL AIRPORT, CA US",2018-09-20,5.82,,0.0,64,85.0,53.0,290,290,19.9,23.9,0,0,0,0,0
USW00023234,"SAN FRANCISCO INTERNATIONAL AIRPORT, CA US",2018-09-21,9.62,,0.0,66,74.0,52.0,290,290,21.0,25.1,0,0,0,0,0
USW00023234,"SAN FRANCISCO INTERNATIONAL AIRPORT, CA US",2018-09-22,10.74,,0.0,58,66.0,52.0,310,290,21.9,27.1,1,0,0,0,1
USW00023234,"SAN FRANCISCO INTERNATIONAL AIRPORT, CA US",2018-09-23,11.18,,0.0,58,69.0,52.0,290,290,23.0,25.9,0,0,0,0,0
USW00023234,"SAN FRANCISCO INTERNATIONAL AIRPORT, CA US",2018-09-24,9.17,,0.0,58,73.0,49.0,300,300,23.0,28.0,0,0,0,0,0
USW00023234,"SAN FRANCISCO INTERNATIONAL AIRPORT, CA US",2018-09-25,10.51,,0.0,58,67.0,52.0,300,290,23.9,30.0,1,0,0,0,0
USW00023234,"SAN FRANCISCO INTERNATIONAL AIRPORT, CA US",2018-09-26,10.51,,0.0,57,73.0,52.0,290,290,25.9,30.0,1,0,0,0,0
USW00023234,"SAN FRANCISCO INTERNATIONAL AIRPORT, CA US",2018-09-27,12.3,,0.0,57,64.0,51.0,290,290,23.0,27.1,1,0,0,0,1
USW00023234,"SAN FRANCISCO INTERNATIONAL AIRPORT, CA US",2018-09-28,8.95,,0.0,59,68.0,53.0,260,250,19.9,25.1,0,0,0,0,0
USW00023234,"SAN FRANCISCO INTERNATIONAL AIRPORT, CA US",2018-09-29,9.17,,0.0,62,70.0,58.0,190,210,21.9,29.1,0,0,0,0,0
USW00023234,"SAN FRANCISCO INTERNATIONAL AIRPORT, CA US",2018-09-30,7.61,,0.0,65,75.0,60.0,280,280,17.0,21.0,0,0,0,0,0
USW00023234,"SAN FRANCISCO INTERNATIONAL AIRPORT, CA US",2018-10-01,5.37,,0.0,64,73.0,58.0,270,270,19.9,21.9,0,0,0,0,0
USW00023234,"SAN FRANCISCO INTERNATIONAL AIRPORT, CA US",2018-10-02,6.93,,0.16,65,74.0,61.0,270,280,23.9,28.0,1,0,0,0,1
USW00023234,"SAN FRANCISCO INTERNATIONAL AIRPORT, CA US",2018-10-03,7.61,,0.0,67,74.0,61.0,190,180,21.9,25.1,0,0,0,0,1
USW00023234,"SAN FRANCISCO INTERNATIONAL AIRPORT, CA US",2018-10-04,9.84,,0.0,64,71.0,58.0,260,280,19.9,23.0,0,0,0,0,1
USW00023234,"SAN FRANCISCO INTERNATIONAL AIRPORT, CA US",2018-10-05,11.41,,0.0,60,71.0,55.0,280,270,29.1,33.1,0,0,0,0,0
USW00023234,"SAN FRANCISCO INTERNATIONAL AIRPORT, CA US",2018-10-06,16.11,,0.0,61,72.0,58.0,270,280,30.0,33.1,1,0,0,0,0
USW00023234,"SAN FRANCISCO INTERNATIONAL AIRPORT, CA US",2018-10-07,14.32,,0.0,67,78.0,58.0,340,340,23.9,30.0,0,0,0,0,0
USW00023234,"SAN FRANCISCO INTERNATIONAL AIRPORT, CA US",2018-10-08,9.62,,0.0,69,79.0,58.0,290,280,19.9,23.0,0,0,0,0,0
USW00023234,"SAN FRANCISCO INTERNATIONAL AIRPORT, CA US",2018-10-09,6.93,,0.0,62,76.0,55.0,220,230,19.9,21.9,0,0,0,0,0
USW00023234,"SAN FRANCISCO INTERNATIONAL AIRPORT, CA US",2018-10-10,7.38,,0.0,60,68.0,52.0,230,230,19.9,23.0,0,0,0,0,0
USW00023234,"SAN FRANCISCO INTERNATIONAL AIRPORT, CA US",2018-10-11,9.62,,0.0,60,70.0,54.0,270,280,21.9,25.1,0,0,0,0,1
USW00023234,"SAN FRANCISCO INTERNATIONAL AIRPORT, CA US",2018-10-12,6.26,,0.0,62,79.0,52.0,270,280,23.0,25.9,0,0,0,0,0
USW00023234,"SAN FRANCISCO INTERNATIONAL AIRPORT, CA US",2018-10-13,10.74,,0.0,63,78.0,53.0,290,300,23.0,27.1,0,0,0,0,0
USW00023234,"SAN FRANCISCO INTERNATIONAL AIRPORT, CA US",2018-10-14,8.5,,0.0,58,72.0,52.0,290,280,23.0,25.9,0,0,0,0,0
USW00023234,"SAN FRANCISCO INTERNATIONAL AIRPORT, CA US",2018-10-15,9.62,,0.0,65,81.0,55.0,280,270,19.9,21.9,0,0,0,0,0
USW00023234,"SAN FRANCISCO INTERNATIONAL AIRPORT, CA US",2018-10-16,8.72,,0.0,62,73.0,51.0,290,290,23.0,27.1,0,0,0,0,0
USW00023234,"SAN FRANCISCO INTERNATIONAL AIRPORT, CA US",2018-10-17,10.74,,0.0,57,69.0,49.0,290,280,21.9,25.9,0,0,0,0,0
USW00023234,"SAN FRANCISCO INTERNATIONAL AIRPORT, CA US",2018-10-18,9.17,,0.0,56,69.0,49.0,290,290,23.0,25.9,0,0,0,0,0
USW00023234,"SAN FRANCISCO INTERNATIONAL AIRPORT, CA US",2018-10-19,9.84,,0.0,58,74.0,49.0,280,290,21.9,23.9,0,0,0,0,0
USW00023234,"SAN FRANCISCO INTERNATIONAL AIRPORT, CA US",2018-10-20,12.08,,0.0,58,67.0,50.0,300,300,23.0,28.0,0,0,0,0,0
USW00023234,"SAN FRANCISCO INTERNATIONAL AIRPORT, CA US",2018-10-21,11.41,,0.0,55,68.0,49.0,290,280,23.0,25.9,0,0,0,0,0
USW00023234,"SAN FRANCISCO INTERNATIONAL AIRPORT, CA US",2018-10-22,9.84,,0.0,57,64.0,52.0,290,280,21.0,23.9,0,0,0,0,0
USW00023234,"SAN FRANCISCO INTERNATIONAL AIRPORT, CA US",2018-10-23,9.17,,0.0,56,65.0,49.0,280,290,19.9,25.1,0,0,0,0,0
USW00023234,"SAN FRANCISCO INTERNATIONAL AIRPORT, CA US",2018-10-24,9.4,,0.0,58,71.0,50.0,280,280,25.9,33.1,0,0,0,0,0
USW00023234,"SAN FRANCISCO INTERNATIONAL AIRPORT, CA US",2018-10-25,9.4,,0.0,58,72.0,53.0,280,280,25.1,29.1,1,0,0,0,1
USW00023234,"SAN FRANCISCO INTERNATIONAL AIRPORT, CA US",2018-10-26,10.29,,0.0,60,73.0,55.0,280,280,25.1,30.0,0,0,0,0,0
USW00023234,"SAN FRANCISCO INTERNATIONAL AIRPORT, CA US",2018-10-27,11.18,,0.0,61,70.0,54.0,280,270,28.0,33.1,0,0,0,0,0
USW00023234,"SAN FRANCISCO INTERNATIONAL AIRPORT, CA US",2018-10-28,11.41,,0.0,61,72.0,55.0,270,270,32.0,38.0,1,0,0,0,0
USW00023234,"SAN FRANCISCO INTERNATIONAL AIRPORT, CA US",2018-10-29,11.86,,0.0,60,67.0,52.0,280,270,23.0,27.1,0,0,0,0,0
USW00023234,"SAN FRANCISCO INTERNATIONAL AIRPORT, CA US",2018-10-30,8.95,,0.0,59,68.0,49.0,290,290,21.9,25.1,0,0,0,0,0
USW00023234,"SAN FRANCISCO INTERNATIONAL AIRPORT, CA US",2018-10-31,5.14,,0.0,59,76.0,50.0,280,280,17.0,21.0,0,0,0,0,0
USW00023234,"SAN FRANCISCO INTERNATIONAL AIRPORT, CA US",2018-11-01,4.7,,0.0,64,82.0,55.0,280,290,16.1,18.1,0,0,0,0,0
USW00023234,"SAN FRANCISCO INTERNATIONAL AIRPORT, CA US",2018-11-02,7.61,,0.0,63,75.0,51.0,290,300,19.9,23.9,0,0,0,0,0
USW00023234,"SAN FRANCISCO INTERNATIONAL AIRPORT, CA US",2018-11-03,6.04,,0.0,62,79.0,53.0,280,290,17.0,19.9,0,0,0,0,0
USW00023234,"SAN FRANCISCO INTERNATIONAL AIRPORT, CA US",2018-11-04,14.99,,0.0,59,65.0,52.0,290,290,23.9,28.0,0,0,0,0,0
USW00023234,"SAN FRANCISCO INTERNATIONAL AIRPORT, CA US",2018-11-05,8.95,,0.0,59,73.0,50.0,280,280,23.9,27.1,0,0,0,0,0
USW00023234,"SAN FRANCISCO INTERNATIONAL AIRPORT, CA US",2018-11-06,5.82,,0.0,57,70.0,47.0,280,270,17.0,21.0,0,0,0,0,0
USW00023234,"SAN FRANCISCO INTERNATIONAL AIRPORT, CA US",2018-11-07,5.82,,0.0,58,73.0,47.0,290,290,21.0,23.9,0,0,0,0,0
USW00023234,"SAN FRANCISCO INTERNATIONAL AIRPORT, CA US",2018-11-08,6.71,,0.0,58,68.0,49.0,50,50,21.0,23.0,0,0,0,0,1
USW00023234,"SAN FRANCISCO INTERNATIONAL AIRPORT, CA US",2018-11-09,5.37,,0.0,61,68.0,50.0,130,160,14.1,17.0,0,0,0,0,1
USW00023234,"SAN FRANCISCO INTERNATIONAL AIRPORT, CA US",2018-11-10,2.01,,0.0,54,62.0,44.0,10,20,6.9,8.9,0,0,0,0,1
USW00023234,"SAN FRANCISCO INTERNATIONAL AIRPORT, CA US",2018-11-11,5.82,,0.0,56,67.0,42.0,50,40,19.9,23.9,0,0,0,0,1
USW00023234,"SAN FRANCISCO INTERNATIONAL AIRPORT, CA US",2018-11-12,2.24,,0.0,55,67.0,44.0,150,140,8.1,10.1,0,0,0,0,1
USW00023234,"SAN FRANCISCO INTERNATIONAL AIRPORT, CA US",2018-11-13,1.34,,0.0,55,61.0,46.0,190,180,6.9,8.1,0,0,0,0,1
USW00023234,"SAN FRANCISCO INTERNATIONAL AIRPORT, CA US",2018-11-14,3.36,,0.0,54,65.0,44.0,280,270,12.1,13.0,1,0,0,0,1
USW00023234,"SAN FRANCISCO INTERNATIONAL AIRPORT, CA US",2018-11-15,2.24,,0.0,53,62.0,44.0,170,140,6.0,8.1,0,0,0,0,1
USW00023234,"SAN FRANCISCO INTERNATIONAL AIRPORT, CA US",2018-11-16,3.36,,0.0,53,62.0,44.0,280,280,8.9,11.0,0,0,0,0,1
USW00023234,"SAN FRANCISCO INTERNATIONAL AIRPORT, CA US",2018-11-17,7.16,,0.0,53,61.0,44.0,280,310,15.0,18.1,1,0,0,0,1
USW00023234,"SAN FRANCISCO INTERNATIONAL AIRPORT, CA US",2018-11-18,4.03,,0.0,51,57.0,44.0,130,120,10.1,12.1,1,0,0,0,1
USW00023234,"SAN FRANCISCO INTERNATIONAL AIRPORT, CA US",2018-11-19,2.91,,0.0,53,62.0,44.0,140,130,8.9,10.1,1,0,0,0,1
USW00023234,"SAN FRANCISCO INTERNATIONAL AIRPORT, CA US",2018-11-20,1.79,,0.0,53,61.0,44.0,280,280,8.9,10.1,1,0,0,0,1
USW00023234,"SAN FRANCISCO INTERNATIONAL AIRPORT, CA US",2018-11-21,5.14,,0.76,57,60.0,55.0,130,140,12.1,15.0,1,0,0,0,0
USW00023234,"SAN FRANCISCO INTERNATIONAL AIRPORT, CA US",2018-11-22,11.41,,0.54,58,63.0,50.0,210,190,21.0,27.1,1,0,0,0,0
USW00023234,"SAN FRANCISCO INTERNATIONAL AIRPORT, CA US",2018-11-23,11.41,,0.29,58,62.0,55.0,240,250,23.0,28.0,1,0,0,0,1
USW00023234,"SAN FRANCISCO INTERNATIONAL AIRPORT, CA US",2018-11-24,10.29,,0.0,60,61.0,52.0,280,260,21.0,23.9,1,0,0,0,0
USW00023234,"SAN FRANCISCO INTERNATIONAL AIRPORT, CA US",2018-11-25,4.03,,0.0,54,62.0,48.0,290,290,15.0,17.0,0,0,0,0,0
USW00023234,"SAN FRANCISCO INTERNATIONAL AIRPORT, CA US",2018-11-26,4.47,,0.0,54,62.0,48.0,280,280,15.0,17.0,0,0,0,0,0
USW00023234,"SAN FRANCISCO INTERNATIONAL AIRPORT, CA US",2018-11-27,6.93,,0.06,56,60.0,49.0,130,270,14.1,15.0,1,0,0,0,1
USW00023234,"SAN FRANCISCO INTERNATIONAL AIRPORT, CA US",2018-11-28,8.05,,1.0,59,64.0,56.0,180,170,35.1,48.1,1,0,0,0,1
USW00023234,"SAN FRANCISCO INTERNATIONAL AIRPORT, CA US",2018-11-29,21.92,,0.42,59,60.0,55.0,210,200,36.0,51.0,1,0,0,0,1
USW00023234,"SAN FRANCISCO INTERNATIONAL AIRPORT, CA US",2018-11-30,15.66,,0.0,56,60.0,50.0,290,290,25.9,32.0,0,0,0,0,0
USW00023234,"SAN FRANCISCO INTERNATIONAL AIRPORT, CA US",2018-12-01,15.21,,0.09,54,59.0,49.0,290,280,35.1,40.9,1,0,0,0,0
USW00023234,"SAN FRANCISCO INTERNATIONAL AIRPORT, CA US",2018-12-02,4.47,,0.0,50,55.0,42.0,290,280,15.0,18.1,0,0,0,0,0
USW00023234,"SAN FRANCISCO INTERNATIONAL AIRPORT, CA US",2018-12-03,8.72,,0.0,51,56.0,47.0,60,60,21.0,23.0,0,0,0,0,0
USW00023234,"SAN FRANCISCO INTERNATIONAL AIRPORT, CA US",2018-12-04,8.5,,0.08,52,55.0,49.0,70,50,18.1,21.0,0,0,0,0,0
USW00023234,"SAN FRANCISCO INTERNATIONAL AIRPORT, CA US",2018-12-05,10.29,,0.31,52,55.0,49.0,50,50,18.1,19.9,1,0,0,0,1
USW00023234,"SAN FRANCISCO INTERNATIONAL AIRPORT, CA US",2018-12-06,4.7,,0.01,53,60.0,49.0,50,50,16.1,18.1,0,0,0,0,0
USW00023234,"SAN FRANCISCO INTERNATIONAL AIRPORT, CA US",2018-12-07,3.13,,0.0,52,60.0,44.0,280,10,10.1,15.0,0,0,0,0,0
USW00023234,"SAN FRANCISCO INTERNATIONAL AIRPORT, CA US",2018-12-08,2.01,,0.0,52,60.0,44.0,80,30,8.1,10.1,0,0,0,0,0
USW00023234,"SAN FRANCISCO INTERNATIONAL AIRPORT, CA US",2018-12-09,3.8,,0.0,51,55.0,44.0,80,60,10.1,12.1,1,0,0,0,1
USW00023234,"SAN FRANCISCO INTERNATIONAL AIRPORT, CA US",2018-12-10,3.58,,0.02,50,58.0,46.0,290,290,14.1,17.0,1,0,0,0,1
USW00023234,"SAN FRANCISCO INTERNATIONAL AIRPORT, CA US",2018-12-11,6.49,,0.0,50,56.0,44.0,280,280,17.0,19.9,1,1,0,0,1
USW00023234,"SAN FRANCISCO INTERNATIONAL AIRPORT, CA US",2018-12-12,7.61,,0.0,55,62.0,47.0,40,40,21.9,23.0,1,0,0,0,1
USW00023234,"SAN FRANCISCO INTERNATIONAL AIRPORT, CA US",2018-12-13,2.91,,0.0,52,61.0,44.0,70,70,13.0,14.1,0,0,0,0,0
USW00023234,"SAN FRANCISCO INTERNATIONAL AIRPORT, CA US",2018-12-14,9.4,,0.01,54,62.0,47.0,180,180,28.0,40.0,1,0,0,0,1
USW00023234,"SAN FRANCISCO INTERNATIONAL AIRPORT, CA US",2018-12-15,4.92,,0.0,56,62.0,52.0,130,110,10.1,12.1,0,0,0,0,0
USW00023234,"SAN FRANCISCO INTERNATIONAL AIRPORT, CA US",2018-12-16,9.17,,0.58,57,61.0,52.0,170,180,23.9,29.1,1,0,0,0,0
USW00023234,"SAN FRANCISCO INTERNATIONAL AIRPORT, CA US",2018-12-17,4.92,,0.02,54,60.0,50.0,280,260,12.1,13.0,1,0,0,0,0
USW00023234,"SAN FRANCISCO INTERNATIONAL AIRPORT, CA US",2018-12-18,2.46,,0.0,53,59.0,47.0,290,290,8.1,8.9,0,0,0,0,0
USW00023234,"SAN FRANCISCO INTERNATIONAL AIRPORT, CA US",2018-12-19,3.36,,0.0,55,60.0,50.0,140,120,12.1,14.1,0,0,0,0,1
USW00023234,"SAN FRANCISCO INTERNATIONAL AIRPORT, CA US",2018-12-20,2.24,,0.0,52,55.0,47.0,130,130,12.1,14.1,1,1,0,0,1
USW00023234,"SAN FRANCISCO INTERNATIONAL AIRPORT, CA US",2018-12-21,4.7,,0.09,53,58.0,47.0,340,340,13.0,17.0,1,0,0,0,0
USW00023234,"SAN FRANCISCO INTERNATIONAL AIRPORT, CA US",2018-12-22,3.8,,0.0,52,56.0,44.0,300,290,12.1,13.0,0,0,0,0,0
USW00023234,"SAN FRANCISCO INTERNATIONAL AIRPORT, CA US",2018-12-23,2.91,,0.02,53,56.0,48.0,10,10,15.0,17.0,1,0,0,0,0
USW00023234,"SAN FRANCISCO INTERNATIONAL AIRPORT, CA US",2018-12-24,10.51,,0.42,54,60.0,50.0,280,280,38.0,48.1,1,0,0,0,1
USW00023234,"SAN FRANCISCO INTERNATIONAL AIRPORT, CA US",2018-12-25,10.74,,0.0,53,59.0,47.0,280,280,25.9,32.0,0,0,0,0,0
USW00023234,"SAN FRANCISCO INTERNATIONAL AIRPORT, CA US",2018-12-26,10.74,,0.0,53,59.0,45.0,280,290,25.1,29.1,0,0,0,0,0
USW00023234,"SAN FRANCISCO INTERNATIONAL AIRPORT, CA US",2018-12-27,14.09,,0.0,53,59.0,47.0,340,350,25.1,33.1,0,0,0,0,0
USW00023234,"SAN FRANCISCO INTERNATIONAL AIRPORT, CA US",2018-12-28,10.51,,0.0,54,58.0,44.0,360,360,25.9,33.1,0,0,0,0,0
USW00023234,"SAN FRANCISCO INTERNATIONAL AIRPORT, CA US",2018-12-29,4.7,,0.0,49,60.0,41.0,280,280,14.1,16.1,0,0,0,0,0
USW00023234,"SAN FRANCISCO INTERNATIONAL AIRPORT, CA US",2018-12-30,12.3,,0.0,51,59.0,45.0,270,260,30.0,36.0,0,0,0,0,0
USW00023234,"SAN FRANCISCO INTERNATIONAL AIRPORT, CA US",2018-12-31,21.03,,0.0,51,55.0,44.0,350,350,36.9,42.9,0,0,0,0,0
