"STATION","NAME","DATE","AWND","PGTM","PRCP","TAVG","TMAX","TMIN","WDF2","WDF5","WSF2","WSF5","WT01","WT02","WT03","WT05","WT08"
"USW00023234","SAN FRANCISCO INTERNATIONAL AIRPORT, CA US","2018-01-01","1.79",,"0.00","52","58","45","  350","   40","6.9","10.1","    1",,,,"    1"
"USW00023234","SAN FRANCISCO INTERNATIONAL AIRPORT, CA US","2018-01-02","2.46",,"0.00","54","59","50","  150","  150","8.1","11.0","    1",,,,"    1"
"USW00023234","SAN FRANCISCO INTERNATIONAL AIRPORT, CA US","2018-01-03","2.91",,"0.30","55","58","51","  150","  140","12.1","14.1","    1",,,,"    1"
"USW00023234","SAN FRANCISCO INTERNATIONAL AIRPORT, CA US","2018-01-04","6.04",,"0.03","54","63","52","  180","  180","19.9","21.9","    1",,,,"    1"
"USW00023234","SAN FRANCISCO INTERNATIONAL AIRPORT, CA US","2018-01-05","5.59",,"0.19","59","64","53","  280","  270","19.9","21.9","    1",,,,"    1"
"USW00023234","SAN FRANCISCO INTERNATIONAL AIRPORT, CA US","2018-01-06","7.16",,"0.00","54","58","48","  280","  290","15.0","18.1",,,,,
"USW00023234","SAN FRANCISCO INTERNATIONAL AIRPORT, CA US","2018-01-07","2.46",,"0.00","51","53","47","  140","  150","8.1","8.9","    1",,,,
"USW00023234","SAN FRANCISCO INTERNATIONAL AIRPORT, CA US","2018-01-08","3.58",,"3.12","53","58","51","  350","  350","10.1","11.0","    1",,,,
"USW00023234","SAN FRANCISCO INTERNATIONAL AIRPORT, CA US","2018-01-09","17.90",,"0.42","56","58","52","  290","  280","36.9","46.1","    1",,,,
"USW00023234","SAN FRANCISCO INTERNATIONAL AIRPORT, CA US","2018-01-10","9.17",,"0.00","54","58","51","  280","  280","29.1","34.0",,,,,
"USW00023234","SAN FRANCISCO INTERNATIONAL AIRPORT, CA US","2018-01-11","5.37",,"0.00","55","58","52","  280","  280","13.0","16.1","    1",,,,
"USW00023234","SAN FRANCISCO INTERNATIONAL AIRPORT, CA US","2018-01-12","2.68",,"0.00","53","55","50","   20","   20","10.1","11.0","    1",,,,
"USW00023234","SAN FRANCISCO INTERNATIONAL AIRPORT, CA US","2018-01-13","6.71",,"0.00","53","60","46","   70","   70","15.0","16.1","    1","    1",,,
"USW00023234","SAN FRANCISCO INTERNATIONAL AIRPORT, CA US","2018-01-14","6.04",,"0.00","53","56","48","   80","   80","17.0","19.0","    1",,,,"    1"
"USW00023234","SAN FRANCISCO INTERNATIONAL AIRPORT, CA US","2018-01-15","4.70",,"0.00","53","58","48","   20","   30","14.1","14.1","    1",,,,"    1"
"USW00023234","SAN FRANCISCO INTERNATIONAL AIRPORT, CA US","2018-01-16","4.70",,"0.00","56","59","55","  360","  360","12.1","13.0","    1",,,,"    1"
"USW00023234","SAN FRANCISCO INTERNATIONAL AIRPORT, CA US","2018-01-17","3.80",,"0.00","56","58","52","  350","  340","13.0","17.0","    1",,,,"    1"
"USW00023234","SAN FRANCISCO INTERNATIONAL AIRPORT, CA US","2018-01-18","5.82",,"0.15","54","60","50","  270","  270","19.9","23.0","    1",,,,
"USW00023234","SAN FRANCISCO INTERNATIONAL AIRPORT, CA US","2018-01-19","8.05",,"0.00","53","57","47","  280","  280","18.1","21.0",,,,,
"USW00023234","SAN FRANCISCO INTERNATIONAL AIRPORT, CA US","2018-01-20","8.28",,"0.00","50","56","44","  280","  280","17.0","19.9",,,,,
"USW00023234","SAN FRANCISCO INTERNATIONAL AIRPORT, CA US","2018-01-21","5.82",,"0.00","49","57","42","  180","  170","15.0","19.0",,,,,
"USW00023234","SAN FRANCISCO INTERNATIONAL AIRPORT, CA US","2018-01-22","8.95",,"0.25","55","58","51","  280","  310","17.0","21.0","    1",,,,
"USW00023234","SAN FRANCISCO INTERNATIONAL AIRPORT, CA US","2018-01-23","3.80"," 0328","0.00","51","57","45","   50","   50","10.1","12.1",,,,,
"USW00023234","SAN FRANCISCO INTERNATIONAL AIRPORT, CA US","2018-01-24","6.71"," 1413","0.27","51","60","45","  220","  210","35.1","51.0",,,,,
"USW00023234","SAN FRANCISCO INTERNATIONAL AIRPORT, CA US","2018-01-25","7.38"," 1509","0.12","51","58","45","  270","  270","23.9","25.9",,,,,
"USW00023234","SAN FRANCISCO INTERNATIONAL AIRPORT, CA US","2018-01-26","4.92"," 1809","0.00","49","54","42","  290","  280","13.0","15.0",,,,,
"USW00023234","SAN FRANCISCO INTERNATIONAL AIRPORT, CA US","2018-01-27","4.47"," 1733","0.00","49","60","42","  290","  290","13.0","15.0",,,,,
"USW00023234","SAN FRANCISCO INTERNATIONAL AIRPORT, CA US","2018-01-28","5.14"," 1827","0.00","55","66","46","   30","   40","13.0","16.1",,,,,
"USW00023234","SAN FRANCISCO INTERNATIONAL AIRPORT, CA US","2018-01-29","3.58"," 0934","0.00","55","61","47","  120","  130","12.1","13.0",,,,,
"USW00023234","SAN FRANCISCO INTERNATIONAL AIRPORT, CA US","2018-01-30","5.59"," 1732","0.00","55","64","48","  280","  300","14.1","21.0",,,,,
"USW00023234","SAN FRANCISCO INTERNATIONAL AIRPORT, CA US","2018-01-31","4.47"," 1553","0.00","54","65","46","  280","  270","15.0","21.0",,,,,
"USW00023234","SAN FRANCISCO INTERNATIONAL AIRPORT, CA US","2018-02-01","4.47"," 0342","0.00","57","73","51","   40","   30","13.0","15.0",,,,,
"USW00023234","SAN FRANCISCO INTERNATIONAL AIRPORT, CA US","2018-02-02","2.91"," 1652","0.00","60","73","51","  260","  250","15.0","16.1",,,,,
"USW00023234","SAN FRANCISCO INTERNATIONAL AIRPORT, CA US","2018-02-03","4.70"," 1038","0.00","62","76","50","   80","   70","16.1","19.9",,,,,
"USW00023234","SAN FRANCISCO INTERNATIONAL AIRPORT, CA US","2018-02-04","3.80"," 1758","0.00","62","75","51","  280","  300","16.1","21.9",,,,,
"USW00023234","SAN FRANCISCO INTERNATIONAL AIRPORT, CA US","2018-02-05","6.26"," 1806","0.00","60","72","53","  270","  260","23.0","27.1",,,,,
"USW00023234","SAN FRANCISCO INTERNATIONAL AIRPORT, CA US","2018-02-06","2.46"," 0741","0.00","61","75","52","  280","  150","8.1","12.1",,,,,
"USW00023234","SAN FRANCISCO INTERNATIONAL AIRPORT, CA US","2018-02-07","2.24"," 0555","0.00","62","72","51","   60","   50","12.1","13.0",,,,,
"USW00023234","SAN FRANCISCO INTERNATIONAL AIRPORT, CA US","2018-02-08","4.25"," 1620","0.00","60","74","51","  280","  300","14.1","17.0",,,,,
"USW00023234","SAN FRANCISCO INTERNATIONAL AIRPORT, CA US","2018-02-09","8.05"," 2357","0.00","60","74","51","  280","  290","23.0","27.1",,,,,
"USW00023234","SAN FRANCISCO INTERNATIONAL AIRPORT, CA US","2018-02-10","14.09"," 0043","0.00","59","65","53","  280","  300","23.9","29.1",,,,,
"USW00023234","SAN FRANCISCO INTERNATIONAL AIRPORT, CA US","2018-02-11","13.42"," 1600","0.00","55","63","44","  270","  270","33.1","40.0",,,,,
"USW00023234","SAN FRANCISCO INTERNATIONAL AIRPORT, CA US","2018-02-12","10.96"," 0404","0.00","52","59","47","  280","  280","21.0","23.0",,,,,
"USW00023234","SAN FRANCISCO INTERNATIONAL AIRPORT, CA US","2018-02-13","7.83"," 0043","0.00","54","63","49","  360","  360","19.9","23.0",,,,,
"USW00023234","SAN FRANCISCO INTERNATIONAL AIRPORT, CA US","2018-02-14","9.62"," 2027","0.00","53","60","45","  280","  260","23.9","34.0",,,,,
"USW00023234","SAN FRANCISCO INTERNATIONAL AIRPORT, CA US","2018-02-15","7.61"," 1705","0.00","52","64","44","  280","  270","18.1","21.9",,,,,
"USW00023234","SAN FRANCISCO INTERNATIONAL AIRPORT, CA US","2018-02-16","5.59"," 1708","0.00","51","65","42","  270","  280","21.0","23.9",,,,,
"USW00023234","SAN FRANCISCO INTERNATIONAL AIRPORT, CA US","2018-02-17","8.50"," 2302","0.00","53","67","45","  270","  290","23.9","32.0",,,,,
"USW00023234","SAN FRANCISCO INTERNATIONAL AIRPORT, CA US","2018-02-18","21.03"," 1619","0.02","53","58","45","  270","  270","36.9","40.9",,,,,
"USW00023234","SAN FRANCISCO INTERNATIONAL AIRPORT, CA US","2018-02-19","15.66"," 1439","0.00","47","53","43","  290","  280","30.0","36.0",,,,,
"USW00023234","SAN FRANCISCO INTERNATIONAL AIRPORT, CA US","2018-02-20","7.16"," 1620","0.00","46","53","36","  260","  260","21.0","23.9",,,,,
"USW00023234","SAN FRANCISCO INTERNATIONAL AIRPORT, CA US","2018-02-21","7.83"," 2217","0.00","48","56","42","  280","  280","19.9","25.1",,,,,
"USW00023234","SAN FRANCISCO INTERNATIONAL AIRPORT, CA US","2018-02-22","19.01"," 1732","0.02","50","55","45","  280","  280","33.1","38.9",,,,,
"USW00023234","SAN FRANCISCO INTERNATIONAL AIRPORT, CA US","2018-02-23","10.07"," 1528","0.00","47","54","39","  270","  270","21.9","25.9",,,,,
"USW00023234","SAN FRANCISCO INTERNATIONAL AIRPORT, CA US","2018-02-24","11.41"," 1624","0.00","47","57","39","  280","  280","30.0","35.1",,,,,
"USW00023234","SAN FRANCISCO INTERNATIONAL AIRPORT, CA US","2018-02-25","9.40"," 1840","0.00","49","59","40","  270","  260","28.0","36.9",,,,,
"USW00023234","SAN FRANCISCO INTERNATIONAL AIRPORT, CA US","2018-02-26","13.42"," 1425","0.19","51","54","45","  280","  260","31.1","36.0",,,,,
"USW00023234","SAN FRANCISCO INTERNATIONAL AIRPORT, CA US","2018-02-27","11.18"," 0543","0.00","49","58","44","  360","  360","28.0","33.1",,,,,
"USW00023234","SAN FRANCISCO INTERNATIONAL AIRPORT, CA US","2018-02-28","9.40"," 2222","0.16","49","56","41","  160","  180","23.0","28.0",,,,,
"USW00023234","SAN FRANCISCO INTERNATIONAL AIRPORT, CA US","2018-03-01","19.91",,"1.04","53","59","48","  210","  210","33.1","42.1","    1",,,,
"USW00023234","SAN FRANCISCO INTERNATIONAL AIRPORT, CA US","2018-03-02","8.95",,"0.18","50","56","45","  200","  190","23.9","31.1",,,"    1",,"    1"
"USW00023234","SAN FRANCISCO INTERNATIONAL AIRPORT, CA US","2018-03-03","8.05",,"0.05","47","53","42","  230","  180","21.0","25.1",,,,,"    1"
"USW00023234","SAN FRANCISCO INTERNATIONAL AIRPORT, CA US","2018-03-04","4.92",,"0.00","47","55","40","  280","  280","13.0","14.1",,,,,
"USW00023234","SAN FRANCISCO INTERNATIONAL AIRPORT, CA US","2018-03-05","5.59",,"0.00","50","61","41","   80","   80","14.1","16.1",,,,,
"USW00023234","SAN FRANCISCO INTERNATIONAL AIRPORT, CA US","2018-03-06","3.36",,"0.00","53","65","45","  290","  290","12.1","13.0",,,,,
"USW00023234","SAN FRANCISCO INTERNATIONAL AIRPORT, CA US","2018-03-07","6.49",,"0.01","57","70","52","  210","  210","21.0","23.9",,,,,
"USW00023234","SAN FRANCISCO INTERNATIONAL AIRPORT, CA US","2018-03-08","9.62",,"0.01","60","65","50","  280","  280","17.0","19.9",,,,,
"USW00023234","SAN FRANCISCO INTERNATIONAL AIRPORT, CA US","2018-03-09","9.17",,"0.00","53","65","49","  280","  280","21.0","23.9","    1",,,,
"USW00023234","SAN FRANCISCO INTERNATIONAL AIRPORT, CA US","2018-03-10","5.82",,"0.00","54","57","49","  290","  280","14.1","16.1",,,,,
"USW00023234","SAN FRANCISCO INTERNATIONAL AIRPORT, CA US","2018-03-11","5.14",,"0.00","52","67","46","  290","  290","16.1","18.1","    1","    1",,,"    1"
"USW00023234","SAN FRANCISCO INTERNATIONAL AIRPORT, CA US","2018-03-12","6.71",,"0.11","58","70","50","  190","  190","23.9","29.1","    1",,,,"    1"
"USW00023234","SAN FRANCISCO INTERNATIONAL AIRPORT, CA US","2018-03-13","9.40",,"0.26","60","62","51","  160","  160","23.0","31.1","    1",,,,"    1"
"USW00023234","SAN FRANCISCO INTERNATIONAL AIRPORT, CA US","2018-03-14","9.84",,"0.08","54","59","49","  280","  280","23.0","27.1",,,,,
"USW00023234","SAN FRANCISCO INTERNATIONAL AIRPORT, CA US","2018-03-15","11.63",,"0.14","51","59","44","  200","  220","23.9","34.0",,,,,"    1"
"USW00023234","SAN FRANCISCO INTERNATIONAL AIRPORT, CA US","2018-03-16","9.84",,"0.15","52","56","47","  280","  280","28.0","35.1",,,,,
"USW00023234","SAN FRANCISCO INTERNATIONAL AIRPORT, CA US","2018-03-17","5.82",,"0.00","50","56","46","  270","  290","16.1","21.9",,,,,
"USW00023234","SAN FRANCISCO INTERNATIONAL AIRPORT, CA US","2018-03-18","4.25",,"0.00","49","56","41","  300","  280","8.9","12.1",,,,,
"USW00023234","SAN FRANCISCO INTERNATIONAL AIRPORT, CA US","2018-03-19","4.70",,"0.00","52","62","44","   90","  100","10.1","13.0",,,,,
"USW00023234","SAN FRANCISCO INTERNATIONAL AIRPORT, CA US","2018-03-20","5.59",,"0.42","57","58","53","  110","  110","18.1","21.0","    1",,,,"    1"
"USW00023234","SAN FRANCISCO INTERNATIONAL AIRPORT, CA US","2018-03-21","10.07",,"0.13","58","65","55","  160","  160","21.0","28.0","    1",,,,"    1"
"USW00023234","SAN FRANCISCO INTERNATIONAL AIRPORT, CA US","2018-03-22","20.36",,"0.55","60","61","49","  270","  260","33.1","45.0","    1",,,,"    1"
"USW00023234","SAN FRANCISCO INTERNATIONAL AIRPORT, CA US","2018-03-23","7.61",,"0.00","51","59","46","  200","  200","18.1","23.0",,,,,
"USW00023234","SAN FRANCISCO INTERNATIONAL AIRPORT, CA US","2018-03-24","8.28",,"0.13","53","57","48","  270","  250","28.0","33.1",,,,,
"USW00023234","SAN FRANCISCO INTERNATIONAL AIRPORT, CA US","2018-03-25","11.86",,"0.06","51","57","45","  280","  270","25.1","31.1",,,,,
"USW00023234","SAN FRANCISCO INTERNATIONAL AIRPORT, CA US","2018-03-26","10.96",,"0.00","53","62","45","  270","  270","23.0","28.0",,,,,
"USW00023234","SAN FRANCISCO INTERNATIONAL AIRPORT, CA US","2018-03-27","8.95",,"0.00","58","72","49","  270","  280","25.1","28.0",,,,,
"USW00023234","SAN FRANCISCO INTERNATIONAL AIRPORT, CA US","2018-03-28","6.26",,"0.00","60","77","51","  280","  280","21.0","23.9",,,,,
"USW00023234","SAN FRANCISCO INTERNATIONAL AIRPORT, CA US","2018-03-29","6.26",,"0.00","63","81","52","  280","  270","19.9","23.9",,,,,
"USW00023234","SAN FRANCISCO INTERNATIONAL AIRPORT, CA US","2018-03-30","7.61",,"0.00","64","79","55","  280","  280","19.9","21.9",,,,,
"USW00023234","SAN FRANCISCO INTERNATIONAL AIRPORT, CA US","2018-03-31","10.74",,"0.00","61","64","51","  280","  280","21.9","25.9",,,,,
"USW00023234","SAN FRANCISCO INTERNATIONAL AIRPORT, CA US","2018-04-01","11.63",,"0.00","56","67","50","  270","  270","33.1","40.0",,,,,
"USW00023234","SAN FRANCISCO INTERNATIONAL AIRPORT, CA US","2018-04-02","17.67",,"0.00","57","63","51","  260","  270","30.0","36.0",,,,,
"USW00023234","SAN FRANCISCO INTERNATIONAL AIRPORT, CA US","2018-04-03","10.07",,"0.00","55","65","48","  270","  290","23.9","30.0",,,,,
"USW00023234","SAN FRANCISCO INTERNATIONAL AIRPORT, CA US","2018-04-04","9.40",,"0.00","56","63","52","  280","  280","21.0","25.9",,,,,
"USW00023234","SAN FRANCISCO INTERNATIONAL AIRPORT, CA US","2018-04-05","6.71",,"0.11","57","63","52","  310","  310","14.1","17.0",,,,,
"USW00023234","SAN FRANCISCO INTERNATIONAL AIRPORT, CA US","2018-04-06","11.63",,"1.11","60","64","57","  160","  160","23.0","33.1","    1",,,,"    1"
"USW00023234","SAN FRANCISCO INTERNATIONAL AIRPORT, CA US","2018-04-07","12.30",,"0.64","62","64","53","  290","  180","21.0","27.1","    1",,,,
"USW00023234","SAN FRANCISCO INTERNATIONAL AIRPORT, CA US","2018-04-08","11.41",,"0.00","58","64","52","  280","  280","28.0","33.1",,,,,
"USW00023234","SAN FRANCISCO INTERNATIONAL AIRPORT, CA US","2018-04-09","7.38",,"0.00","58","75","50","  270","  270","21.0","23.9",,,,,
"USW00023234","SAN FRANCISCO INTERNATIONAL AIRPORT, CA US","2018-04-10","10.96",,"0.00","63","65","53","  260","  270","21.9","25.1","    1",,,,"    1"
"USW00023234","SAN FRANCISCO INTERNATIONAL AIRPORT, CA US","2018-04-11","12.75",,"0.22","56","65","51","  260","  270","31.1","38.9","    1",,,,"    1"
"USW00023234","SAN FRANCISCO INTERNATIONAL AIRPORT, CA US","2018-04-12","15.43",,"0.00","54","63","48","  280","  280","30.0","35.1",,,,,
"USW00023234","SAN FRANCISCO INTERNATIONAL AIRPORT, CA US","2018-04-13","9.17",,"0.00","55","66","46","  260","  270","21.9","23.9",,,,,
"USW00023234","SAN FRANCISCO INTERNATIONAL AIRPORT, CA US","2018-04-14","10.74",,"0.00","58","71","51","  270","  270","30.0","35.1",,,,,
"USW00023234","SAN FRANCISCO INTERNATIONAL AIRPORT, CA US","2018-04-15","10.51",,"0.05","58","64","50","  240","  210","23.9","29.1",,,,,"    1"
"USW00023234","SAN FRANCISCO INTERNATIONAL AIRPORT, CA US","2018-04-16","12.30",,"0.11","52","57","48","  250","  250","25.9","33.1",,,,,
"USW00023234","SAN FRANCISCO INTERNATIONAL AIRPORT, CA US","2018-04-17","8.28",,"0.00","52","63","45","  270","  280","21.9","25.1",,,,,
"USW00023234","SAN FRANCISCO INTERNATIONAL AIRPORT, CA US","2018-04-18","10.07",,"0.00","54","60","51","  260","  270","18.1","28.0",,,,,
"USW00023234","SAN FRANCISCO INTERNATIONAL AIRPORT, CA US","2018-04-19","14.54",,"0.00","55","63","48","  270","  270","29.1","35.1",,,,,
"USW00023234","SAN FRANCISCO INTERNATIONAL AIRPORT, CA US","2018-04-20","11.18",,"0.00","56","67","49","  270","  270","28.0","36.0",,,,,
"USW00023234","SAN FRANCISCO INTERNATIONAL AIRPORT, CA US","2018-04-21","11.41",,"0.00","58","75","50","  280","  280","25.9","32.0",,,,,
"USW00023234","SAN FRANCISCO INTERNATIONAL AIRPORT, CA US","2018-04-22","10.51",,"0.00","59","76","49","  290","  280","21.9","25.1",,,,,
"USW00023234","SAN FRANCISCO INTERNATIONAL AIRPORT, CA US","2018-04-23","11.18",,"0.00","60","74","52","  290","  290","23.9","30.0",,,,,
"USW00023234","SAN FRANCISCO INTERNATIONAL AIRPORT, CA US","2018-04-24","11.18",,"0.00","58","66","53","  270","  270","25.1","30.0",,,,,
"USW00023234","SAN FRANCISCO INTERNATIONAL AIRPORT, CA US","2018-04-25","10.74",,"0.00","57","65","51","  280","  280","21.0","25.1",,,,,
"USW00023234","SAN FRANCISCO INTERNATIONAL AIRPORT, CA US","2018-04-26","12.75",,"0.00","56","63","52","  270","  270","25.9","30.0",,,,,
"USW00023234","SAN FRANCISCO INTERNATIONAL AIRPORT, CA US","2018-04-27","9.62",,"0.00","58","67","54","  270","  270","18.1","27.1",,,,,
"USW00023234","SAN FRANCISCO INTERNATIONAL AIRPORT, CA US","2018-04-28","10.74",,"0.00","59","66","55","  280","  250","19.9","23.0",,,,,
"USW00023234","SAN FRANCISCO INTERNATIONAL AIRPORT, CA US","2018-04-29","18.12",,"0.00","58","64","54","  270","  270","29.1","35.1",,,,,
"USW00023234","SAN FRANCISCO INTERNATIONAL AIRPORT, CA US","2018-04-30","16.78",,"0.00","57","63","52","  270","  270","31.1","36.0",,,,,
"USW00023234","SAN FRANCISCO INTERNATIONAL AIRPORT, CA US","2018-05-01","12.53",,"0.00","56","67","50","  260","  250","30.0","36.0",,,,,
"USW00023234","SAN FRANCISCO INTERNATIONAL AIRPORT, CA US","2018-05-02","9.17",,"0.00","57","67","52","  250","  250","18.1","23.9",,,,,
"USW00023234","SAN FRANCISCO INTERNATIONAL AIRPORT, CA US","2018-05-03","12.97",,"0.00","57","66","52","  290","  290","25.9","31.1",,,,,
"USW00023234","SAN FRANCISCO INTERNATIONAL AIRPORT, CA US","2018-05-04","13.87",,"0.00","57","69","52","  270","  280","32.0","36.0",,,,,
"USW00023234","SAN FRANCISCO INTERNATIONAL AIRPORT, CA US","2018-05-05","14.54",,"0.00","56","61","53","  280","  270","25.9","31.1",,,,,
"USW00023234","SAN FRANCISCO INTERNATIONAL AIRPORT, CA US","2018-05-06","14.99",,"0.00","57","65","53","  290","  280","29.1","36.0",,,,,
"USW00023234","SAN FRANCISCO INTERNATIONAL AIRPORT, CA US","2018-05-07","14.54",,"0.00","60","71","54","  280","  280","25.9","33.1",,,,,
"USW00023234","SAN FRANCISCO INTERNATIONAL AIRPORT, CA US","2018-05-08","12.30",,"0.00","60","70","54","  270","  270","23.0","29.1",,,,,
"USW00023234","SAN FRANCISCO INTERNATIONAL AIRPORT, CA US","2018-05-09","20.36",,"0.00","60","67","56","  270","  260","36.9","45.0","    1",,,,
"USW00023234","SAN FRANCISCO INTERNATIONAL AIRPORT, CA US","2018-05-10","18.12",,"0.00","59","66","52","  260","  270","31.1","38.0",,,,,
"USW00023234","SAN FRANCISCO INTERNATIONAL AIRPORT, CA US","2018-05-11","10.96",,"0.00","59","75","51","  280","  280","25.9","30.0",,,,,
"USW00023234","SAN FRANCISCO INTERNATIONAL AIRPORT, CA US","2018-05-12","9.40",,"0.00","69","76","57","  210","  210","17.0","23.0",,,,,
"USW00023234","SAN FRANCISCO INTERNATIONAL AIRPORT, CA US","2018-05-13","12.08",,"0.00","61","67","55","  210","  200","21.9","28.0",,,,,
"USW00023234","SAN FRANCISCO INTERNATIONAL AIRPORT, CA US","2018-05-14","12.08",,"0.00","59","65","54","  270","  260","21.0","25.9",,,,,
"USW00023234","SAN FRANCISCO INTERNATIONAL AIRPORT, CA US","2018-05-15","10.51",,"0.00","60","67","56","  230","  260","21.0","29.1",,,,,
"USW00023234","SAN FRANCISCO INTERNATIONAL AIRPORT, CA US","2018-05-16","12.08",,"0.00","60","68","54","  270","  270","19.9","23.9",,,,,
"USW00023234","SAN FRANCISCO INTERNATIONAL AIRPORT, CA US","2018-05-17","16.78",,"0.00","59","65","55","  270","  270","30.0","38.0",,,,,
"USW00023234","SAN FRANCISCO INTERNATIONAL AIRPORT, CA US","2018-05-18","14.32",,"0.00","58","64","55","  270","  270","25.1","32.0","    1",,,,"    1"
"USW00023234","SAN FRANCISCO INTERNATIONAL AIRPORT, CA US","2018-05-19","17.90",,"0.00","57","63","55","  250","  270","30.0","38.9",,,,,
"USW00023234","SAN FRANCISCO INTERNATIONAL AIRPORT, CA US","2018-05-20","19.91",,"0.00","57","62","54","  260","  270","30.0","38.0",,,,,
"USW00023234","SAN FRANCISCO INTERNATIONAL AIRPORT, CA US","2018-05-21","11.41",,"0.00","58","67","52","  260","  270","31.1","36.9",,,,,
"USW00023234","SAN FRANCISCO INTERNATIONAL AIRPORT, CA US","2018-05-22","11.41",,"0.00","57","61","54","  260","  240","19.9","23.0",,,,,"    1"
"USW00023234","SAN FRANCISCO INTERNATIONAL AIRPORT, CA US","2018-05-23","10.51",,"0.00","57","63","55","  270","  270","21.0","25.9",,,,,"    1"
"USW00023234","SAN FRANCISCO INTERNATIONAL AIRPORT, CA US","2018-05-24","9.17",,"0.00","58","64","55","  250","  230","18.1","23.0",,,,,
"USW00023234","SAN FRANCISCO INTERNATIONAL AIRPORT, CA US","2018-05-25","9.17",,"0.01","59","65","55","  240","  230","17.0","23.9","    1",,,,"    1"
"USW00023234","SAN FRANCISCO INTERNATIONAL AIRPORT, CA US","2018-05-26","12.97",,"0.00","59","66","55","  280","  270","23.0","28.0",,,,,
"USW00023234","SAN FRANCISCO INTERNATIONAL AIRPORT, CA US","2018-05-27","9.40",,"0.00","60","74","53","  290","  290","21.9","25.9",,,,,
"USW00023234","SAN FRANCISCO INTERNATIONAL AIRPORT, CA US","2018-05-28","10.74",,"0.00","65","84","56","  300","  290","23.0","25.9",,,,,
"USW00023234","SAN FRANCISCO INTERNATIONAL AIRPORT, CA US","2018-05-29","16.55",,"0.00","64","71","56","  270","  260","31.1","36.0",,,,,"    1"
"USW00023234","SAN FRANCISCO INTERNATIONAL AIRPORT, CA US","2018-05-30","22.59",,"0.00","58","62","54","  260","  260","36.0","45.0",,,,,
"USW00023234","SAN FRANCISCO INTERNATIONAL AIRPORT, CA US","2018-05-31","21.47",,"0.00","58","64","53","  280","  260","35.1","44.1",,,,,
"USW00023234","SAN FRANCISCO INTERNATIONAL AIRPORT, CA US","2018-06-01","11.41",,"0.00","59","75","51","  280","  280","30.0","36.0",,,,,
"USW00023234","SAN FRANCISCO INTERNATIONAL AIRPORT, CA US","2018-06-02","10.51",,"0.00","65","85","55","  290","  290","25.1","30.0",,,,,
"USW00023234","SAN FRANCISCO INTERNATIONAL AIRPORT, CA US","2018-06-03","13.42",,"0.00","64","75","56","  290","  290","29.1","33.1",,,,,
"USW00023234","SAN FRANCISCO INTERNATIONAL AIRPORT, CA US","2018-06-04","22.82",,"0.00","61","67","56","  260","  260","36.9","44.1",,,,,
"USW00023234","SAN FRANCISCO INTERNATIONAL AIRPORT, CA US","2018-06-05","17.90",,"0.00","59","65","54","  260","  260","29.1","35.1",,,,,
"USW00023234","SAN FRANCISCO INTERNATIONAL AIRPORT, CA US","2018-06-06","18.34",,"0.00","58","65","54","  270","  290","25.9","35.1",,,,,
"USW00023234","SAN FRANCISCO INTERNATIONAL AIRPORT, CA US","2018-06-07","19.01",,"0.00","60","66","55","  260","  280","31.1","40.0",,,,,
"USW00023234","SAN FRANCISCO INTERNATIONAL AIRPORT, CA US","2018-06-08","19.91",,"0.00","61","70","52","  270","  260","38.0","42.1",,,,,"    1"
"USW00023234","SAN FRANCISCO INTERNATIONAL AIRPORT, CA US","2018-06-09","20.36",,"0.00","61","67","55","  280","  280","40.9","51.0","    1",,,,"    1"
"USW00023234","SAN FRANCISCO INTERNATIONAL AIRPORT, CA US","2018-06-10","19.01",,"0.00","60","68","53","  270","  270","38.9","47.0",,,,,
"USW00023234","SAN FRANCISCO INTERNATIONAL AIRPORT, CA US","2018-06-11","16.78",,"0.00","61","71","56","  280","  290","23.9","31.1",,,,,
"USW00023234","SAN FRANCISCO INTERNATIONAL AIRPORT, CA US","2018-06-12","14.54",,"0.00","64","76","57","  290","  290","31.1","35.1",,,,,
"USW00023234","SAN FRANCISCO INTERNATIONAL AIRPORT, CA US","2018-06-13","16.78",,"0.00","64","76","56","  270","  280","36.9","44.1",,,,,
"USW00023234","SAN FRANCISCO INTERNATIONAL AIRPORT, CA US","2018-06-14","10.29",,"0.00","62","77","57","  260","  260","19.9","23.9",,,,,
"USW00023234","SAN FRANCISCO INTERNATIONAL AIRPORT, CA US","2018-06-15","12.30",,"0.00","62","66","56","  230","  210","23.9","31.1",,,,,
"USW00023234","SAN FRANCISCO INTERNATIONAL AIRPORT, CA US","2018-06-16","11.63",,"0.00","62","71","56","  210","  210","30.0","36.0",,,,,
"USW00023234","SAN FRANCISCO INTERNATIONAL AIRPORT, CA US","2018-06-17","8.72",,"0.00","62","72","57","  180","  200","16.1","19.0",,,,,
"USW00023234","SAN FRANCISCO INTERNATIONAL AIRPORT, CA US","2018-06-18","12.75",,"0.00","65","71","56","  280","  280","29.1","33.1",,,,,
"USW00023234","SAN FRANCISCO INTERNATIONAL AIRPORT, CA US","2018-06-19","14.09",,"0.00","60","67","56","  280","  280","30.0","35.1",,,,,
"USW00023234","SAN FRANCISCO INTERNATIONAL AIRPORT, CA US","2018-06-20","16.33",,"0.00","59","65","55","  260","  270","31.1","36.0",,,,,
"USW00023234","SAN FRANCISCO INTERNATIONAL AIRPORT, CA US","2018-06-21","17.67",,"0.00","60","69","54","  270","  280","30.0","36.0",,,,,
"USW00023234","SAN FRANCISCO INTERNATIONAL AIRPORT, CA US","2018-06-22","12.75",,"0.00","64",,,"  290","  290","30.0","34.0",,,,,
"USW00023234","SAN FRANCISCO INTERNATIONAL AIRPORT, CA US","2018-06-23","10.07",,"0.00","69",,,"  290","  290","23.9","28.0",,,,,
"USW00023234","SAN FRANCISCO INTERNATIONAL AIRPORT, CA US","2018-06-24","8.28",,"0.00","69",,,"  200","  190","21.0","23.9",,,,,
"USW00023234","SAN FRANCISCO INTERNATIONAL AIRPORT, CA US","2018-06-25","10.51",,"0.00","67",,,"  290","  290","23.9","28.0",,,,,
"USW00023234","SAN FRANCISCO INTERNATIONAL AIRPORT, CA US","2018-06-26","14.09",,"0.00","65",,,"  270","  270","25.1","29.1",,,,,
"USW00023234","SAN FRANCISCO INTERNATIONAL AIRPORT, CA US","2018-06-27","10.51",,"0.00","64",,,"  270","  280","25.1","30.0",,,,,
"USW00023234","SAN FRANCISCO INTERNATIONAL AIRPORT, CA US","2018-06-28","15.21",,"0.00","64",,,"  260","  250","29.1","38.9",,,,,
"USW00023234","SAN FRANCISCO INTERNATIONAL AIRPORT, CA US","2018-06-29","12.75",,"0.00","66",,,"  280","  270","29.1","34.0",,,,,
"USW00023234","SAN FRANCISCO INTERNATIONAL AIRPORT, CA US","2018-06-30","8.28",,"0.00","71",,,"  290","  300","21.9","25.9",,,,,
"USW00023234","SAN FRANCISCO INTERNATIONAL AIRPORT, CA US","2018-07-01","7.61",,"0.00","69",,,"  320","  320","16.1","18.1",,,,,
"USW00023234","SAN FRANCISCO INTERNATIONAL AIRPORT, CA US","2018-07-02","9.17",,"0.00","68",,,"  290","  290","21.0","23.9",,,,,
"USW00023234","SAN FRANCISCO INTERNATIONAL AIRPORT, CA US","2018-07-03","9.62",,"0.00","67",,,"  210","  210","21.0","23.9",,,,,
"USW00023234","SAN FRANCISCO INTERNATIONAL AIRPORT, CA US","2018-07-04","14.54",,"0.00","68",,,"  190","  190","23.0","29.1",,,,,
"USW00023234","SAN FRANCISCO INTERNATIONAL AIRPORT, CA US","2018-07-05","13.87",,"0.00","67",,,"  280","  280","29.1","32.0",,,,,
"USW00023234","SAN FRANCISCO INTERNATIONAL AIRPORT, CA US","2018-07-06","12.30",,"0.00","72",,,"  280","  270","28.0","32.0",,,,,
"USW00023234","SAN FRANCISCO INTERNATIONAL AIRPORT, CA US","2018-07-07","18.57",,"0.00","74",,,"  260","  260","33.1","36.9",,,,,
"USW00023234","SAN FRANCISCO INTERNATIONAL AIRPORT, CA US","2018-07-08","16.33",,"0.00","68",,,"  270","  270","31.1","36.0",,,,,
"USW00023234","SAN FRANCISCO INTERNATIONAL AIRPORT, CA US","2018-07-09","17.90",,"0.00","64",,,"  270","  270","32.0","38.0",,,,,"    1"
"USW00023234","SAN FRANCISCO INTERNATIONAL AIRPORT, CA US","2018-07-10","16.78",,"0.00","70",,,"  260","  270","36.0","42.1",,,,,
"USW00023234","SAN FRANCISCO INTERNATIONAL AIRPORT, CA US","2018-07-11","11.41",,"0.00","70",,,"  290","  280","25.1","29.1",,,,,
"USW00023234","SAN FRANCISCO INTERNATIONAL AIRPORT, CA US","2018-07-12","10.74",,"0.00","63","75","57","  290","  290","23.9","28.0",,,,,"    1"
"USW00023234","SAN FRANCISCO INTERNATIONAL AIRPORT, CA US","2018-07-13","13.87",,"0.00","65","71","58","  290","  310","25.1","29.1",,,,,
"USW00023234","SAN FRANCISCO INTERNATIONAL AIRPORT, CA US","2018-07-14","16.11",,"0.00","62","71","55","  290","  290","25.9","29.1",,,,,
"USW00023234","SAN FRANCISCO INTERNATIONAL AIRPORT, CA US","2018-07-15","14.54",,"0.00","60","69","55","  290","  280","25.9","30.0",,,,,
"USW00023234","SAN FRANCISCO INTERNATIONAL AIRPORT, CA US","2018-07-16","15.21",,"0.00","61","69","55","  280","  290","28.0","32.0",,,,,
"USW00023234","SAN FRANCISCO INTERNATIONAL AIRPORT, CA US","2018-07-17","14.09",,"0.00","60","67","55","  290","  290","25.9","31.1",,,,,
"USW00023234","SAN FRANCISCO INTERNATIONAL AIRPORT, CA US","2018-07-18","12.08",,"0.00","61","71","55","  300","  290","25.1","30.0",,,,,
"USW00023234","SAN FRANCISCO INTERNATIONAL AIRPORT, CA US","2018-07-19","10.07",,"0.00","62","72","55","  310","  310","23.0","27.1",,,,,
"USW00023234","SAN FRANCISCO INTERNATIONAL AIRPORT, CA US","2018-07-20","8.50",,"0.00","63","83","56","  300","  290","17.0","21.0",,,,,
"USW00023234","SAN FRANCISCO INTERNATIONAL AIRPORT, CA US","2018-07-21","12.30",,"0.00","66","75","59","  290","  290","25.9","31.1",,,,,
"USW00023234","SAN FRANCISCO INTERNATIONAL AIRPORT, CA US","2018-07-22","13.87",,"0.00","64","72","58","  280","  300","23.9","29.1",,,,,
"USW00023234","SAN FRANCISCO INTERNATIONAL AIRPORT, CA US","2018-07-23","15.43",,"0.00","62","70","55","  290","  290","25.9","33.1",,,,,
"USW00023234","SAN FRANCISCO INTERNATIONAL AIRPORT, CA US","2018-07-24","14.99",,"0.00","61","67","55","  290","  290","25.1","31.1",,,,,
"USW00023234","SAN FRANCISCO INTERNATIONAL AIRPORT, CA US","2018-07-25","16.11",,"0.00","61","70","55","  290","  290","25.9","31.1",,,,,
"USW00023234","SAN FRANCISCO INTERNATIONAL AIRPORT, CA US","2018-07-26","16.33",,"0.00","59","69","55","  290","  290","29.1","33.1",,,,,
"USW00023234","SAN FRANCISCO INTERNATIONAL AIRPORT, CA US","2018-07-27","14.09",,"0.00","59","65","55","  290","  280","25.1","32.0",,,,,
"USW00023234","SAN FRANCISCO INTERNATIONAL AIRPORT, CA US","2018-07-28","13.42",,"0.00","58","66","53","  290","  290","28.0","32.0",,,,,
"USW00023234","SAN FRANCISCO INTERNATIONAL AIRPORT, CA US","2018-07-29","12.53",,"0.00","58","66","52","  290","  290","23.9","29.1",,,,,
"USW00023234","SAN FRANCISCO INTERNATIONAL AIRPORT, CA US","2018-07-30","15.43",,"0.00","58","66","53","  300","  290","25.9","32.0",,,,,
"USW00023234","SAN FRANCISCO INTERNATIONAL AIRPORT, CA US","2018-07-31","14.76",,"0.00","58","65","52","  290","  290","25.9","32.0",,,,,
"USW00023234","SAN FRANCISCO INTERNATIONAL AIRPORT, CA US","2018-08-01","13.20",,"0.00","58","66","52","  280","  280","23.0","28.0",,,,,
"USW00023234","SAN FRANCISCO INTERNATIONAL AIRPORT, CA US","2018-08-02","12.08",,"0.00","59","68","52","  290","  290","21.9","29.1",,,,,
"USW00023234","SAN FRANCISCO INTERNATIONAL AIRPORT, CA US","2018-08-03","11.86",,"0.00","61","72","52","  290","  290","25.1","30.0",,,,,"    1"
"USW00023234","SAN FRANCISCO INTERNATIONAL AIRPORT, CA US","2018-08-04","15.88",,"0.00","62","73","55","  270","  280","31.1","36.9",,,,,
"USW00023234","SAN FRANCISCO INTERNATIONAL AIRPORT, CA US","2018-08-05","14.54",,"0.00","61","68","55","  300","  300","23.9","29.1",,,,,
"USW00023234","SAN FRANCISCO INTERNATIONAL AIRPORT, CA US","2018-08-06","13.65",,"0.00","60","73","50","  280","  280","28.0","35.1",,,,,
"USW00023234","SAN FRANCISCO INTERNATIONAL AIRPORT, CA US","2018-08-07","14.99",,"0.00","58","64","52","  290","  290","25.1","30.0",,,,,
"USW00023234","SAN FRANCISCO INTERNATIONAL AIRPORT, CA US","2018-08-08","13.87",,"0.00","59","70","53","  290","  290","25.1","31.1",,,,,
"USW00023234","SAN FRANCISCO INTERNATIONAL AIRPORT, CA US","2018-08-09","11.41",,"0.00","60","79","52","  290","  290","25.1","29.1","    1",,,,
"USW00023234","SAN FRANCISCO INTERNATIONAL AIRPORT, CA US","2018-08-10","12.75",,"0.00","60","71","52","  310","  290","23.0","25.9",,,,,
"USW00023234","SAN FRANCISCO INTERNATIONAL AIRPORT, CA US","2018-08-11","12.75",,"0.00","64","74","58","  290","  290","23.9","30.0",,,,,
"USW00023234","SAN FRANCISCO INTERNATIONAL AIRPORT, CA US","2018-08-12","12.75",,"0.00","63","72","58","  280","  290","25.1","28.0",,,,,"    1"
"USW00023234","SAN FRANCISCO INTERNATIONAL AIRPORT, CA US","2018-08-13","14.09",,"0.00","60","67","55","  270","  260","25.1","31.1",,,,,
"USW00023234","SAN FRANCISCO INTERNATIONAL AIRPORT, CA US","2018-08-14","12.97",,"0.00","59","66","55","  260","  270","23.0","30.0",,,,,
"USW00023234","SAN FRANCISCO INTERNATIONAL AIRPORT, CA US","2018-08-15","13.65",,"0.00","63","71","59","  260","  260","23.0","29.1",,,,,
"USW00023234","SAN FRANCISCO INTERNATIONAL AIRPORT, CA US","2018-08-16","16.33",,"0.00","63","71","58","  290","  280","25.1","30.0",,,,,
"USW00023234","SAN FRANCISCO INTERNATIONAL AIRPORT, CA US","2018-08-17","12.08",,"0.00","62","71","55","  290","  290","25.9","30.0",,,,,
"USW00023234","SAN FRANCISCO INTERNATIONAL AIRPORT, CA US","2018-08-18","12.75",,"0.00","60","71","52","  300","  290","25.1","29.1",,,,,
"USW00023234","SAN FRANCISCO INTERNATIONAL AIRPORT, CA US","2018-08-19","12.08",,"0.00","59","68","52","  290","  290","25.1","31.1",,,,,
"USW00023234","SAN FRANCISCO INTERNATIONAL AIRPORT, CA US","2018-08-20","10.29",,"0.00","60","72","55","  280","  280","19.9","23.9",,,,,
"USW00023234","SAN FRANCISCO INTERNATIONAL AIRPORT, CA US","2018-08-21","9.17",,"0.00","60","67","55","  250","  230","17.0","21.0",,,,,
"USW00023234","SAN FRANCISCO INTERNATIONAL AIRPORT, CA US","2018-08-22","10.07",,"0.00","63","72","61","  270","  240","19.9","23.9",,,,,
"USW00023234","SAN FRANCISCO INTERNATIONAL AIRPORT, CA US","2018-08-23","10.96",,"0.00","63","70","61","  270","  270","21.9","25.9",,,,,"    1"
"USW00023234","SAN FRANCISCO INTERNATIONAL AIRPORT, CA US","2018-08-24","10.51",,"0.00","63","71","56","  280","  270","23.0","28.0","    1",,,,"    1"
"USW00023234","SAN FRANCISCO INTERNATIONAL AIRPORT, CA US","2018-08-25","9.62",,"0.00","60","71","55","  290","  290","23.0","27.1",,,,,
"USW00023234","SAN FRANCISCO INTERNATIONAL AIRPORT, CA US","2018-08-26","10.07",,"0.00","60","72","55","  290","  280","21.0","23.9",,,,,
"USW00023234","SAN FRANCISCO INTERNATIONAL AIRPORT, CA US","2018-08-27","10.07",,"0.00","62","71","56","  200","  200","19.9","23.9",,,,,
"USW00023234","SAN FRANCISCO INTERNATIONAL AIRPORT, CA US","2018-08-28","7.83",,"0.00","62","68","58","  230","  220","18.1","23.0",,,,,
"USW00023234","SAN FRANCISCO INTERNATIONAL AIRPORT, CA US","2018-08-29","9.17",,"0.00","65","74","58","  230","  240","23.0","28.0",,,,,
"USW00023234","SAN FRANCISCO INTERNATIONAL AIRPORT, CA US","2018-08-30","11.18",,"0.00","65","71","58","  260","  280","23.0","30.0",,,,,
"USW00023234","SAN FRANCISCO INTERNATIONAL AIRPORT, CA US","2018-08-31","15.21",,"0.00","62","71","56","  270","  270","29.1","35.1",,,,,
"USW00023234","SAN FRANCISCO INTERNATIONAL AIRPORT, CA US","2018-09-01","12.53",,"0.00","60","68","55","  290","  290","23.0","25.9",,,,,"    1"
"USW00023234","SAN FRANCISCO INTERNATIONAL AIRPORT, CA US","2018-09-02","10.96",,"0.00","60","69","53","  290","  290","25.1","29.1",,,,,
"USW00023234","SAN FRANCISCO INTERNATIONAL AIRPORT, CA US","2018-09-03","9.62",,"0.00","60","70","55","  290","  300","23.9","27.1",,,,,
"USW00023234","SAN FRANCISCO INTERNATIONAL AIRPORT, CA US","2018-09-04","8.72",,"0.00","61","70","56","  300","  320","21.9","29.1",,,,,
"USW00023234","SAN FRANCISCO INTERNATIONAL AIRPORT, CA US","2018-09-05","9.17",,"0.00","61","71","55","  280","  280","23.0","28.0",,,,,
"USW00023234","SAN FRANCISCO INTERNATIONAL AIRPORT, CA US","2018-09-06","12.97",,"0.00","58","64","55","  290","  290","25.1","31.1",,,,,
"USW00023234","SAN FRANCISCO INTERNATIONAL AIRPORT, CA US","2018-09-07","12.53",,"0.00","59","72","53","  300","  290","28.0","32.0",,,,,
"USW00023234","SAN FRANCISCO INTERNATIONAL AIRPORT, CA US","2018-09-08","14.76",,"0.00","61","73","55","  270","  280","28.0","36.9",,,,,
"USW00023234","SAN FRANCISCO INTERNATIONAL AIRPORT, CA US","2018-09-09","13.87",,"0.00","62","73","52","  280","  280","30.0","36.0",,,,,"    1"
"USW00023234","SAN FRANCISCO INTERNATIONAL AIRPORT, CA US","2018-09-10","12.30",,"0.00","61","77","53","  270","  270","32.0","36.9",,,,,
"USW00023234","SAN FRANCISCO INTERNATIONAL AIRPORT, CA US","2018-09-11","19.24",,"0.00","61","70","55","  260","  270","36.0","40.9",,,,,
"USW00023234","SAN FRANCISCO INTERNATIONAL AIRPORT, CA US","2018-09-12","18.12",,"0.00","60","67","55","  270","  270","33.1","40.9",,,,,
"USW00023234","SAN FRANCISCO INTERNATIONAL AIRPORT, CA US","2018-09-13","16.55",,"0.00","60","68","55","  260","  270","29.1","36.9",,,,,
"USW00023234","SAN FRANCISCO INTERNATIONAL AIRPORT, CA US","2018-09-14","13.42",,"0.00","60","71","55","  270","  280","25.9","32.0",,,,,
"USW00023234","SAN FRANCISCO INTERNATIONAL AIRPORT, CA US","2018-09-15","20.13",,"0.00","59","65","55","  260","  270","28.0","33.1",,,,,
"USW00023234","SAN FRANCISCO INTERNATIONAL AIRPORT, CA US","2018-09-16","14.54",,"0.00","60","70","55","  260","  260","25.1","30.0",,,,,
"USW00023234","SAN FRANCISCO INTERNATIONAL AIRPORT, CA US","2018-09-17","14.09",,"0.00","61","66","56","  260","  260","30.0","36.0",,,,,
"USW00023234","SAN FRANCISCO INTERNATIONAL AIRPORT, CA US","2018-09-18","10.96",,"0.00","59","67","54","  290","  280","25.1","31.1",,,,,
"USW00023234","SAN FRANCISCO INTERNATIONAL AIRPORT, CA US","2018-09-19","8.05",,"0.00","58","75","51","  280","  280","25.1","29.1",,,,,
"USW00023234","SAN FRANCISCO INTERNATIONAL AIRPORT, CA US","2018-09-20","5.82",,"0.00","64","85","53","  290","  290","19.9","23.9",,,,,
"USW00023234","SAN FRANCISCO INTERNATIONAL AIRPORT, CA US","2018-09-21","9.62",,"0.00","66","74","52","  290","  290","21.0","25.1",,,,,
"USW00023234","SAN FRANCISCO INTERNATIONAL AIRPORT, CA US","2018-09-22","10.74",,"0.00","58","66","52","  310","  290","21.9","27.1","    1",,,,"    1"
"USW00023234","SAN FRANCISCO INTERNATIONAL AIRPORT, CA US","2018-09-23","11.18",,"0.00","58","69","52","  290","  290","23.0","25.9",,,,,
"USW00023234","SAN FRANCISCO INTERNATIONAL AIRPORT, CA US","2018-09-24","9.17",,"0.00","58","73","49","  300","  300","23.0","28.0",,,,,
"USW00023234","SAN FRANCISCO INTERNATIONAL AIRPORT, CA US","2018-09-25","10.51",,"0.00","58","67","52","  300","  290","23.9","30.0","    1",,,,
"USW00023234","SAN FRANCISCO INTERNATIONAL AIRPORT, CA US","2018-09-26","10.51",,"0.00","57","73","52","  290","  290","25.9","30.0","    1",,,,
"USW00023234","SAN FRANCISCO INTERNATIONAL AIRPORT, CA US","2018-09-27","12.30",,"0.00","57","64","51","  290","  290","23.0","27.1","    1",,,,"    1"
"USW00023234","SAN FRANCISCO INTERNATIONAL AIRPORT, CA US","2018-09-28","8.95",,"0.00","59","68","53","  260","  250","19.9","25.1",,,,,
"USW00023234","SAN FRANCISCO INTERNATIONAL AIRPORT, CA US","2018-09-29","9.17",,"0.00","62","70","58","  190","  210","21.9","29.1",,,,,
"USW00023234","SAN FRANCISCO INTERNATIONAL AIRPORT, CA US","2018-09-30","7.61",,"0.00","65","75","60","  280","  280","17.0","21.0",,,,,
"USW00023234","SAN FRANCISCO INTERNATIONAL AIRPORT, CA US","2018-10-01","5.37",,"0.00","64","73","58","  270","  270","19.9","21.9",,,,,
"USW00023234","SAN FRANCISCO INTERNATIONAL AIRPORT, CA US","2018-10-02","6.93",,"0.16","65","74","61","  270","  280","23.9","28.0","    1",,,,"    1"
"USW00023234","SAN FRANCISCO INTERNATIONAL AIRPORT, CA US","2018-10-03","7.61",,"0.00","67","74","61","  190","  180","21.9","25.1",,,,,"    1"
"USW00023234","SAN FRANCISCO INTERNATIONAL AIRPORT, CA US","2018-10-04","9.84",,"0.00","64","71","58","  260","  280","19.9","23.0",,,,,"    1"
"USW00023234","SAN FRANCISCO INTERNATIONAL AIRPORT, CA US","2018-10-05","11.41",,"0.00","60","71","55","  280","  270","29.1","33.1",,,,,
"USW00023234","SAN FRANCISCO INTERNATIONAL AIRPORT, CA US","2018-10-06","16.11",,"0.00","61","72","58","  270","  280","30.0","33.1","    1",,,,
"USW00023234","SAN FRANCISCO INTERNATIONAL AIRPORT, CA US","2018-10-07","14.32",,"0.00","67","78","58","  340","  340","23.9","30.0",,,,,
"USW00023234","SAN FRANCISCO INTERNATIONAL AIRPORT, CA US","2018-10-08","9.62",,"0.00","69","79","58","  290","  280","19.9","23.0",,,,,
"USW00023234","SAN FRANCISCO INTERNATIONAL AIRPORT, CA US","2018-10-09","6.93",,"0.00","62","76","55","  220","  230","19.9","21.9",,,,,
"USW00023234","SAN FRANCISCO INTERNATIONAL AIRPORT, CA US","2018-10-10","7.38",,"0.00","60","68","52","  230","  230","19.9","23.0",,,,,
"USW00023234","SAN FRANCISCO INTERNATIONAL AIRPORT, CA US","2018-10-11","9.62",,"0.00","60","70","54","  270","  280","21.9","25.1",,,,,"    1"
"USW00023234","SAN FRANCISCO INTERNATIONAL AIRPORT, CA US","2018-10-12","6.26",,"0.00","62","79","52","  270","  280","23.0","25.9",,,,,
"USW00023234","SAN FRANCISCO INTERNATIONAL AIRPORT, CA US","2018-10-13","10.74",,"0.00","63","78","53","  290","  300","23.0","27.1",,,,,
"USW00023234","SAN FRANCISCO INTERNATIONAL AIRPORT, CA US","2018-10-14","8.50",,"0.00","58","72","52","  290","  280","23.0","25.9",,,,,
"USW00023234","SAN FRANCISCO INTERNATIONAL AIRPORT, CA US","2018-10-15","9.62",,"0.00","65","81","55","  280","  270","19.9","21.9",,,,,
"USW00023234","SAN FRANCISCO INTERNATIONAL AIRPORT, CA US","2018-10-16","8.72",,"0.00","62","73","51","  290","  290","23.0","27.1",,,,,
"USW00023234","SAN FRANCISCO INTERNATIONAL AIRPORT, CA US","2018-10-17","10.74",,"0.00","57","69","49","  290","  280","21.9","25.9",,,,,
"USW00023234","SAN FRANCISCO INTERNATIONAL AIRPORT, CA US","2018-10-18","9.17",,"0.00","56","69","49","  290","  290","23.0","25.9",,,,,
"USW00023234","SAN FRANCISCO INTERNATIONAL AIRPORT, CA US","2018-10-19","9.84",,"0.00","58","74","49","  280","  290","21.9","23.9",,,,,
"USW00023234","SAN FRANCISCO INTERNATIONAL AIRPORT, CA US","2018-10-20","12.08",,"0.00","58","67","50","  300","  300","23.0","28.0",,,,,
"USW00023234","SAN FRANCISCO INTERNATIONAL AIRPORT, CA US","2018-10-21","11.41",,"0.00","55","68","49","  290","  280","23.0","25.9",,,,,
"USW00023234","SAN FRANCISCO INTERNATIONAL AIRPORT, CA US","2018-10-22","9.84",,"0.00","57","64","52","  290","  280","21.0","23.9",,,,,
"USW00023234","SAN FRANCISCO INTERNATIONAL AIRPORT, CA US","2018-10-23","9.17",,"0.00","56","65","49","  280","  290","19.9","25.1",,,,,
"USW00023234","SAN FRANCISCO INTERNATIONAL AIRPORT, CA US","2018-10-24","9.40",,"0.00","58","71","50","  280","  280","25.9","33.1",,,,,
"USW00023234","SAN FRANCISCO INTERNATIONAL AIRPORT, CA US","2018-10-25","9.40",,"0.00","58","72","53","  280","  280","25.1","29.1","    1",,,,"    1"
"USW00023234","SAN FRANCISCO INTERNATIONAL AIRPORT, CA US","2018-10-26","10.29",,"0.00","60","73","55","  280","  280","25.1","30.0",,,,,
"USW00023234","SAN FRANCISCO INTERNATIONAL AIRPORT, CA US","2018-10-27","11.18",,"0.00","61","70","54","  280","  270","28.0","33.1",,,,,
"USW00023234","SAN FRANCISCO INTERNATIONAL AIRPORT, CA US","2018-10-28","11.41",,"0.00","61","72","55","  270","  270","32.0","38.0","    1",,,,
"USW00023234","SAN FRANCISCO INTERNATIONAL AIRPORT, CA US","2018-10-29","11.86",,"0.00","60","67","52","  280","  270","23.0","27.1",,,,,
"USW00023234","SAN FRANCISCO INTERNATIONAL AIRPORT, CA US","2018-10-30","8.95",,"0.00","59","68","49","  290","  290","21.9","25.1",,,,,
"USW00023234","SAN FRANCISCO INTERNATIONAL AIRPORT, CA US","2018-10-31","5.14",,"0.00","59","76","50","  280","  280","17.0","21.0",,,,,
"USW00023234","SAN FRANCISCO INTERNATIONAL AIRPORT, CA US","2018-11-01","4.70",,"0.00","64","82","55","  280","  290","16.1","18.1",,,,,
"USW00023234","SAN FRANCISCO INTERNATIONAL AIRPORT, CA US","2018-11-02","7.61",,"0.00","63","75","51","  290","  300","19.9","23.9",,,,,
"USW00023234","SAN FRANCISCO INTERNATIONAL AIRPORT, CA US","2018-11-03","6.04",,"0.00","62","79","53","  280","  290","17.0","19.9",,,,,
"USW00023234","SAN FRANCISCO INTERNATIONAL AIRPORT, CA US","2018-11-04","14.99",,"0.00","59","65","52","  290","  290","23.9","28.0",,,,,
"USW00023234","SAN FRANCISCO INTERNATIONAL AIRPORT, CA US","2018-11-05","8.95",,"0.00","59","73","50","  280","  280","23.9","27.1",,,,,
"USW00023234","SAN FRANCISCO INTERNATIONAL AIRPORT, CA US","2018-11-06","5.82",,"0.00","57","70","47","  280","  270","17.0","21.0",,,,,
"USW00023234","SAN FRANCISCO INTERNATIONAL AIRPORT, CA US","2018-11-07","5.82",,"0.00","58","73","47","  290","  290","21.0","23.9",,,,,
"USW00023234","SAN FRANCISCO INTERNATIONAL AIRPORT, CA US","2018-11-08","6.71",,"0.00","58","68","49","   50","   50","21.0","23.0",,,,,"    1"
"USW00023234","SAN FRANCISCO INTERNATIONAL AIRPORT, CA US","2018-11-09","5.37",,"0.00","61","68","50","  130","  160","14.1","17.0",,,,,"    1"
"USW00023234","SAN FRANCISCO INTERNATIONAL AIRPORT, CA US","2018-11-10","2.01",,"0.00","54","62","44","   10","   20","6.9","8.9",,,,,"    1"
"USW00023234","SAN FRANCISCO INTERNATIONAL AIRPORT, CA US","2018-11-11","5.82",,"0.00","56","67","42","   50","   40","19.9","23.9",,,,,"    1"
"USW00023234","SAN FRANCISCO INTERNATIONAL AIRPORT, CA US","2018-11-12","2.24",,"0.00","55","67","44","  150","  140","8.1","10.1",,,,,"    1"
"USW00023234","SAN FRANCISCO INTERNATIONAL AIRPORT, CA US","2018-11-13","1.34",,"0.00","55","61","46","  190","  180","6.9","8.1",,,,,"    1"
"USW00023234","SAN FRANCISCO INTERNATIONAL AIRPORT, CA US","2018-11-14","3.36",,"0.00","54","65","44","  280","  270","12.1","13.0","    1",,,,"    1"
"USW00023234","SAN FRANCISCO INTERNATIONAL AIRPORT, CA US","2018-11-15","2.24",,"0.00","53","62","44","  170","  140","6.0","8.1",,,,,"    1"
"USW00023234","SAN FRANCISCO INTERNATIONAL AIRPORT, CA US","2018-11-16","3.36",,"0.00","53","62","44","  280","  280","8.9","11.0",,,,,"    1"
"USW00023234","SAN FRANCISCO INTERNATIONAL AIRPORT, CA US","2018-11-17","7.16",,"0.00","53","61","44","  280","  310","15.0","18.1","    1",,,,"    1"
"USW00023234","SAN FRANCISCO INTERNATIONAL AIRPORT, CA US","2018-11-18","4.03",,"0.00","51","57","44","  130","  120","10.1","12.1","    1",,,,"    1"
"USW00023234","SAN FRANCISCO INTERNATIONAL AIRPORT, CA US","2018-11-19","2.91",,"0.00","53","62","44","  140","  130","8.9","10.1","    1",,,,"    1"
"USW00023234","SAN FRANCISCO INTERNATIONAL AIRPORT, CA US","2018-11-20","1.79",,"0.00","53","61","44","  280","  280","8.9","10.1","    1",,,,"    1"
"USW00023234","SAN FRANCISCO INTERNATIONAL AIRPORT, CA US","2018-11-21","5.14",,"0.76","57","60","55","  130","  140","12.1","15.0","    1",,,,
"USW00023234","SAN FRANCISCO INTERNATIONAL AIRPORT, CA US","2018-11-22","11.41",,"0.54","58","63","50","  210","  190","21.0","27.1","    1",,,,
"USW00023234","SAN FRANCISCO INTERNATIONAL AIRPORT, CA US","2018-11-23","11.41",,"0.29","58","62","55","  240","  250","23.0","28.0","    1",,,,"    1"
"USW00023234","SAN FRANCISCO INTERNATIONAL AIRPORT, CA US","2018-11-24","10.29",,"0.00","60","61","52","  280","  260","21.0","23.9","    1",,,,
"USW00023234","SAN FRANCISCO INTERNATIONAL AIRPORT, CA US","2018-11-25","4.03",,"0.00","54","62","48","  290","  290","15.0","17.0",,,,,
"USW00023234","SAN FRANCISCO INTERNATIONAL AIRPORT, CA US","2018-11-26","4.47",,"0.00","54","62","48","  280","  280","15.0","17.0",,,,,
"USW00023234","SAN FRANCISCO INTERNATIONAL AIRPORT, CA US","2018-11-27","6.93",,"0.06","56","60","49","  130","  270","14.1","15.0","    1",,,,"    1"
"USW00023234","SAN FRANCISCO INTERNATIONAL AIRPORT, CA US","2018-11-28","8.05",,"1.00","59","64","56","  180","  170","35.1","48.1","    1",,,,"    1"
"USW00023234","SAN FRANCISCO INTERNATIONAL AIRPORT, CA US","2018-11-29","21.92",,"0.42","59","60","55","  210","  200","36.0","51.0","    1",,,,"    1"
"USW00023234","SAN FRANCISCO INTERNATIONAL AIRPORT, CA US","2018-11-30","15.66",,"0.00","56","60","50","  290","  290","25.9","32.0",,,,,
"USW00023234","SAN FRANCISCO INTERNATIONAL AIRPORT, CA US","2018-12-01","15.21",,"0.09","54","59","49","  290","  280","35.1","40.9","    1",,,,
"USW00023234","SAN FRANCISCO INTERNATIONAL AIRPORT, CA US","2018-12-02","4.47",,"0.00","50","55","42","  290","  280","15.0","18.1",,,,,
"USW00023234","SAN FRANCISCO INTERNATIONAL AIRPORT, CA US","2018-12-03","8.72",,"0.00","51","56","47","   60","   60","21.0","23.0",,,,,
"USW00023234","SAN FRANCISCO INTERNATIONAL AIRPORT, CA US","2018-12-04","8.50",,"0.08","52","55","49","   70","   50","18.1","21.0",,,,,
"USW00023234","SAN FRANCISCO INTERNATIONAL AIRPORT, CA US","2018-12-05","10.29",,"0.31","52","55","49","   50","   50","18.1","19.9","    1",,,,"    1"
"USW00023234","SAN FRANCISCO INTERNATIONAL AIRPORT, CA US","2018-12-06","4.70",,"0.01","53","60","49","   50","   50","16.1","18.1",,,,,
"USW00023234","SAN FRANCISCO INTERNATIONAL AIRPORT, CA US","2018-12-07","3.13",,"0.00","52","60","44","  280","   10","10.1","15.0",,,,,
"USW00023234","SAN FRANCISCO INTERNATIONAL AIRPORT, CA US","2018-12-08","2.01",,"0.00","52","60","44","   80","   30","8.1","10.1",,,,,
"USW00023234","SAN FRANCISCO INTERNATIONAL AIRPORT, CA US","2018-12-09","3.80",,"0.00","51","55","44","   80","   60","10.1","12.1","    1",,,,"    1"
"USW00023234","SAN FRANCISCO INTERNATIONAL AIRPORT, CA US","2018-12-10","3.58",,"0.02","50","58","46","  290","  290","14.1","17.0","    1",,,,"    1"
"USW00023234","SAN FRANCISCO INTERNATIONAL AIRPORT, CA US","2018-12-11","6.49",,"0.00","50","56","44","  280","  280","17.0","19.9","    1","    1",,,"    1"
"USW00023234","SAN FRANCISCO INTERNATIONAL AIRPORT, CA US","2018-12-12","7.61",,"0.00","55","62","47","   40","   40","21.9","23.0","    1",,,,"    1"
"USW00023234","SAN FRANCISCO INTERNATIONAL AIRPORT, CA US","2018-12-13","2.91",,"0.00","52","61","44","   70","   70","13.0","14.1",,,,,
"USW00023234","SAN FRANCISCO INTERNATIONAL AIRPORT, CA US","2018-12-14","9.40",,"0.01","54","62","47","  180","  180","28.0","40.0","    1",,,,"    1"
"USW00023234","SAN FRANCISCO INTERNATIONAL AIRPORT, CA US","2018-12-15","4.92",,"0.00","56","62","52","  130","  110","10.1","12.1",,,,,
"USW00023234","SAN FRANCISCO INTERNATIONAL AIRPORT, CA US","2018-12-16","9.17",,"0.58","57","61","52","  170","  180","23.9","29.1","    1",,,,
"USW00023234","SAN FRANCISCO INTERNATIONAL AIRPORT, CA US","2018-12-17","4.92",,"0.02","54","60","50","  280","  260","12.1","13.0","    1",,,,
"USW00023234","SAN FRANCISCO INTERNATIONAL AIRPORT, CA US","2018-12-18","2.46",,"0.00","53","59","47","  290","  290","8.1","8.9",,,,,
"USW00023234","SAN FRANCISCO INTERNATIONAL AIRPORT, CA US","2018-12-19","3.36",,"0.00","55","60","50","  140","  120","12.1","14.1",,,,,"    1"
"USW00023234","SAN FRANCISCO INTERNATIONAL AIRPORT, CA US","2018-12-20","2.24",,"0.00","52","55","47","  130","  130","12.1","14.1","    1","    1",,,"    1"
"USW00023234","SAN FRANCISCO INTERNATIONAL AIRPORT, CA US","2018-12-21","4.70",,"0.09","53","58","47","  340","  340","13.0","17.0","    1",,,,
"USW00023234","SAN FRANCISCO INTERNATIONAL AIRPORT, CA US","2018-12-22","3.80",,"0.00","52","56","44","  300","  290","12.1","13.0",,,,,
"USW00023234","SAN FRANCISCO INTERNATIONAL AIRPORT, CA US","2018-12-23","2.91",,"0.02","53","56","48","   10","   10","15.0","17.0","    1",,,,
"USW00023234","SAN FRANCISCO INTERNATIONAL AIRPORT, CA US","2018-12-24","10.51",,"0.42","54","60","50","  280","  280","38.0","48.1","    1",,,,"    1"
"USW00023234","SAN FRANCISCO INTERNATIONAL AIRPORT, CA US","2018-12-25","10.74",,"0.00","53","59","47","  280","  280","25.9","32.0",,,,,
"USW00023234","SAN FRANCISCO INTERNATIONAL AIRPORT, CA US","2018-12-26","10.74",,"0.00","53","59","45","  280","  290","25.1","29.1",,,,,
"USW00023234","SAN FRANCISCO INTERNATIONAL AIRPORT, CA US","2018-12-27","14.09",,"0.00","53","59","47","  340","  350","25.1","33.1",,,,,
"USW00023234","SAN FRANCISCO INTERNATIONAL AIRPORT, CA US","2018-12-28","10.51",,"0.00","54","58","44","  360","  360","25.9","33.1",,,,,
"USW00023234","SAN FRANCISCO INTERNATIONAL AIRPORT, CA US","2018-12-29","4.70",,"0.00","49","60","41","  280","  280","14.1","16.1",,,,,
"USW00023234","SAN FRANCISCO INTERNATIONAL AIRPORT, CA US","2018-12-30","12.30",,"0.00","51","59","45","  270","  260","30.0","36.0",,,,,
"USW00023234","SAN FRANCISCO INTERNATIONAL AIRPORT, CA US","2018-12-31","21.03",,"0.00","51","55","44","  350","  350","36.9","42.9",,,,,
